"Antwort ID","Datum Abgeschickt","Letzte Seite","Start-Sprache","Zufallsstartwert","Bitte geben Sie ihr Geschlecht an.","Wie alt sind Sie?","Studieren Sie Psychologie?","Sind Sie in einer Beziehung?","Haben Sie die österreichische Staatsbürgerschaft?","Instruktion Nachstehend finden Sie eine Reihe von Eigenschaften, die auf Sie zutreffen könnten. Würden Sie über sich z. B. sagen, dass Sie gerne Zeit mit anderen Menschen verbringen? Bitte geben Sie für jede der folgenden Aussagen an, inwieweit Sie zustimmen. [Ich bin eher unordentlich.]","Instruktion Nachstehend finden Sie eine Reihe von Eigenschaften, die auf Sie zutreffen könnten. Würden Sie über sich z. B. sagen, dass Sie gerne Zeit mit anderen Menschen verbringen? Bitte geben Sie für jede der folgenden Aussagen an, inwieweit Sie zustimmen. [Ich bin nicht sonderlich kunstinteressiert.]","Instruktion Nachstehend finden Sie eine Reihe von Eigenschaften, die auf Sie zutreffen könnten. Würden Sie über sich z. B. sagen, dass Sie gerne Zeit mit anderen Menschen verbringen? Bitte geben Sie für jede der folgenden Aussagen an, inwieweit Sie zustimmen. [Ich bin bequem, neige zu Faulheit.]","Instruktion Nachstehend finden Sie eine Reihe von Eigenschaften, die auf Sie zutreffen könnten. Würden Sie über sich z. B. sagen, dass Sie gerne Zeit mit anderen Menschen verbringen? Bitte geben Sie für jede der folgenden Aussagen an, inwieweit Sie zustimmen. [Ich bin vielseitig interessiert.]","Instruktion Nachstehend finden Sie eine Reihe von Eigenschaften, die auf Sie zutreffen könnten. Würden Sie über sich z. B. sagen, dass Sie gerne Zeit mit anderen Menschen verbringen? Bitte geben Sie für jede der folgenden Aussagen an, inwieweit Sie zustimmen. [Ich bin stetig, beständig.]","Instruktion Nachstehend finden Sie eine Reihe von Eigenschaften, die auf Sie zutreffen könnten. Würden Sie über sich z. B. sagen, dass Sie gerne Zeit mit anderen Menschen verbringen? Bitte geben Sie für jede der folgenden Aussagen an, inwieweit Sie zustimmen. [Ich bin erfinderisch, mir fallen raffinierte Lösungen ein.]","Instruktion Nachstehend finden Sie eine Reihe von Eigenschaften, die auf Sie zutreffen könnten. Würden Sie über sich z. B. sagen, dass Sie gerne Zeit mit anderen Menschen verbringen? Bitte geben Sie für jede der folgenden Aussagen an, inwieweit Sie zustimmen. [Ich bin systematisch, halte meine Sachen in Ordnung.]","Instruktion Nachstehend finden Sie eine Reihe von Eigenschaften, die auf Sie zutreffen könnten. Würden Sie über sich z. B. sagen, dass Sie gerne Zeit mit anderen Menschen verbringen? Bitte geben Sie für jede der folgenden Aussagen an, inwieweit Sie zustimmen. [Ich kann mich für Kunst, Musik und Literatur begeistern.]","Instruktion Nachstehend finden Sie eine Reihe von Eigenschaften, die auf Sie zutreffen könnten. Würden Sie über sich z. B. sagen, dass Sie gerne Zeit mit anderen Menschen verbringen? Bitte geben Sie für jede der folgenden Aussagen an, inwieweit Sie zustimmen. [Ich neige dazu, Aufgaben vor mir herzuschieben.]","Instruktion Nachstehend finden Sie eine Reihe von Eigenschaften, die auf Sie zutreffen könnten. Würden Sie über sich z. B. sagen, dass Sie gerne Zeit mit anderen Menschen verbringen? Bitte geben Sie für jede der folgenden Aussagen an, inwieweit Sie zustimmen. [Ich meide philosophische Diskussionen.]","Instruktion Nachstehend finden Sie eine Reihe von Eigenschaften, die auf Sie zutreffen könnten. Würden Sie über sich z. B. sagen, dass Sie gerne Zeit mit anderen Menschen verbringen? Bitte geben Sie für jede der folgenden Aussagen an, inwieweit Sie zustimmen. [Ich bin manchmal ziemlich nachlässig.]","Instruktion Nachstehend finden Sie eine Reihe von Eigenschaften, die auf Sie zutreffen könnten. Würden Sie über sich z. B. sagen, dass Sie gerne Zeit mit anderen Menschen verbringen? Bitte geben Sie für jede der folgenden Aussagen an, inwieweit Sie zustimmen. [Ich bin nicht besonders einfallsreich.]","Instruktion Nachstehend finden Sie eine Reihe von Eigenschaften, die auf Sie zutreffen könnten. Würden Sie über sich z. B. sagen, dass Sie gerne Zeit mit anderen Menschen verbringen? Bitte geben Sie für jede der folgenden Aussagen an, inwieweit Sie zustimmen. [Ich mag es sauber und aufgeräumt.]","Instruktion Nachstehend finden Sie eine Reihe von Eigenschaften, die auf Sie zutreffen könnten. Würden Sie über sich z. B. sagen, dass Sie gerne Zeit mit anderen Menschen verbringen? Bitte geben Sie für jede der folgenden Aussagen an, inwieweit Sie zustimmen. [Ich weiß Kunst und Schönheit zu schätzen.]","Instruktion Nachstehend finden Sie eine Reihe von Eigenschaften, die auf Sie zutreffen könnten. Würden Sie über sich z. B. sagen, dass Sie gerne Zeit mit anderen Menschen verbringen? Bitte geben Sie für jede der folgenden Aussagen an, inwieweit Sie zustimmen. [Ich bin effizient, erledige Dinge schnell.]","Instruktion Nachstehend finden Sie eine Reihe von Eigenschaften, die auf Sie zutreffen könnten. Würden Sie über sich z. B. sagen, dass Sie gerne Zeit mit anderen Menschen verbringen? Bitte geben Sie für jede der folgenden Aussagen an, inwieweit Sie zustimmen. [Es macht mir Spaß, gründlich über komplexe Dinge nachzudenken und sie zu verstehen.]","Instruktion Nachstehend finden Sie eine Reihe von Eigenschaften, die auf Sie zutreffen könnten. Würden Sie über sich z. B. sagen, dass Sie gerne Zeit mit anderen Menschen verbringen? Bitte geben Sie für jede der folgenden Aussagen an, inwieweit Sie zustimmen. [Ich bin verlässlich, auf mich kann man zählen.]","Instruktion Nachstehend finden Sie eine Reihe von Eigenschaften, die auf Sie zutreffen könnten. Würden Sie über sich z. B. sagen, dass Sie gerne Zeit mit anderen Menschen verbringen? Bitte geben Sie für jede der folgenden Aussagen an, inwieweit Sie zustimmen. [Ich bin nicht sonderlich fantasievoll.]","Instruktion Nachstehend finden Sie eine Reihe von Eigenschaften, die auf Sie zutreffen könnten. Würden Sie über sich z. B. sagen, dass Sie gerne Zeit mit anderen Menschen verbringen? Bitte geben Sie für jede der folgenden Aussagen an, inwieweit Sie zustimmen. [Ich bin eher der chaotische Typ, mache selten sauber.]","Instruktion Nachstehend finden Sie eine Reihe von Eigenschaften, die auf Sie zutreffen könnten. Würden Sie über sich z. B. sagen, dass Sie gerne Zeit mit anderen Menschen verbringen? Bitte geben Sie für jede der folgenden Aussagen an, inwieweit Sie zustimmen. [Ich finde Gedichte und Theaterstücke langweilig.]","Instruktion Nachstehend finden Sie eine Reihe von Eigenschaften, die auf Sie zutreffen könnten. Würden Sie über sich z. B. sagen, dass Sie gerne Zeit mit anderen Menschen verbringen? Bitte geben Sie für jede der folgenden Aussagen an, inwieweit Sie zustimmen. [Ich bleibe an einer Aufgabe dran, bis sie erledigt ist.]","Instruktion Nachstehend finden Sie eine Reihe von Eigenschaften, die auf Sie zutreffen könnten. Würden Sie über sich z. B. sagen, dass Sie gerne Zeit mit anderen Menschen verbringen? Bitte geben Sie für jede der folgenden Aussagen an, inwieweit Sie zustimmen. [Mich interessieren abstrakte Überlegungen wenig.]","Instruktion Nachstehend finden Sie eine Reihe von Eigenschaften, die auf Sie zutreffen könnten. Würden Sie über sich z. B. sagen, dass Sie gerne Zeit mit anderen Menschen verbringen? Bitte geben Sie für jede der folgenden Aussagen an, inwieweit Sie zustimmen. [Manchmal verhalte ich mich verantwortungslos, leichtsinnig.]","Instruktion Nachstehend finden Sie eine Reihe von Eigenschaften, die auf Sie zutreffen könnten. Würden Sie über sich z. B. sagen, dass Sie gerne Zeit mit anderen Menschen verbringen? Bitte geben Sie für jede der folgenden Aussagen an, inwieweit Sie zustimmen. [Ich bin originell, entwickle neue Ideen.]","Bearbeitungshinweis: Bitte lesen Sie jede Aussage aufmerksam und kreuzen Sie an, wie sehr die Aussage während der letzten Woche auf Sie zutraf. Es gibt keine richtigen oder falschen Antworten. Versuchen Sie, sich spontan für eine Antwort zu entscheiden. [Ich fand es schwer, mich zu beruhigen.]","Bearbeitungshinweis: Bitte lesen Sie jede Aussage aufmerksam und kreuzen Sie an, wie sehr die Aussage während der letzten Woche auf Sie zutraf. Es gibt keine richtigen oder falschen Antworten. Versuchen Sie, sich spontan für eine Antwort zu entscheiden. [Ich konnte überhaupt keine positiven Gefühle mehr erleben.]","Bearbeitungshinweis: Bitte lesen Sie jede Aussage aufmerksam und kreuzen Sie an, wie sehr die Aussage während der letzten Woche auf Sie zutraf. Es gibt keine richtigen oder falschen Antworten. Versuchen Sie, sich spontan für eine Antwort zu entscheiden. [Es fiel mir schwer, mich dazu aufzuraffen, Dinge zu erledigen.]","Bearbeitungshinweis: Bitte lesen Sie jede Aussage aufmerksam und kreuzen Sie an, wie sehr die Aussage während der letzten Woche auf Sie zutraf. Es gibt keine richtigen oder falschen Antworten. Versuchen Sie, sich spontan für eine Antwort zu entscheiden. [Ich tendierte dazu, auf Situationen überzureagieren.]","Bearbeitungshinweis: Bitte lesen Sie jede Aussage aufmerksam und kreuzen Sie an, wie sehr die Aussage während der letzten Woche auf Sie zutraf. Es gibt keine richtigen oder falschen Antworten. Versuchen Sie, sich spontan für eine Antwort zu entscheiden. [Ich fand alles anstrengend.]","Bearbeitungshinweis: Bitte lesen Sie jede Aussage aufmerksam und kreuzen Sie an, wie sehr die Aussage während der letzten Woche auf Sie zutraf. Es gibt keine richtigen oder falschen Antworten. Versuchen Sie, sich spontan für eine Antwort zu entscheiden. [Ich hatte das Gefühl, dass ich mich auf nichts mehr freuen konnte.]","Bearbeitungshinweis: Bitte lesen Sie jede Aussage aufmerksam und kreuzen Sie an, wie sehr die Aussage während der letzten Woche auf Sie zutraf. Es gibt keine richtigen oder falschen Antworten. Versuchen Sie, sich spontan für eine Antwort zu entscheiden. [Ich bemerkte, dass ich mich schnell aufregte.]","Bearbeitungshinweis: Bitte lesen Sie jede Aussage aufmerksam und kreuzen Sie an, wie sehr die Aussage während der letzten Woche auf Sie zutraf. Es gibt keine richtigen oder falschen Antworten. Versuchen Sie, sich spontan für eine Antwort zu entscheiden. [Ich fand es schwierig, mich zu entspannen.]","Bearbeitungshinweis: Bitte lesen Sie jede Aussage aufmerksam und kreuzen Sie an, wie sehr die Aussage während der letzten Woche auf Sie zutraf. Es gibt keine richtigen oder falschen Antworten. Versuchen Sie, sich spontan für eine Antwort zu entscheiden. [Ich fühlte mich niedergeschlagen und traurig.]","Bearbeitungshinweis: Bitte lesen Sie jede Aussage aufmerksam und kreuzen Sie an, wie sehr die Aussage während der letzten Woche auf Sie zutraf. Es gibt keine richtigen oder falschen Antworten. Versuchen Sie, sich spontan für eine Antwort zu entscheiden. [Ich reagierte ungehalten auf alles, was mich davon abhielt, mit meiner Tätigkeit fortzufahren.]","Bearbeitungshinweis: Bitte lesen Sie jede Aussage aufmerksam und kreuzen Sie an, wie sehr die Aussage während der letzten Woche auf Sie zutraf. Es gibt keine richtigen oder falschen Antworten. Versuchen Sie, sich spontan für eine Antwort zu entscheiden. [Ich war nicht in der Lage, mich für irgendetwas zu begeistern.]","Bearbeitungshinweis: Bitte lesen Sie jede Aussage aufmerksam und kreuzen Sie an, wie sehr die Aussage während der letzten Woche auf Sie zutraf. Es gibt keine richtigen oder falschen Antworten. Versuchen Sie, sich spontan für eine Antwort zu entscheiden. [Ich fühlte mich als Person nicht viel wert.]","Bearbeitungshinweis: Bitte lesen Sie jede Aussage aufmerksam und kreuzen Sie an, wie sehr die Aussage während der letzten Woche auf Sie zutraf. Es gibt keine richtigen oder falschen Antworten. Versuchen Sie, sich spontan für eine Antwort zu entscheiden. [Ich fand mich ziemlich empfindlich.]","Bearbeitungshinweis: Bitte lesen Sie jede Aussage aufmerksam und kreuzen Sie an, wie sehr die Aussage während der letzten Woche auf Sie zutraf. Es gibt keine richtigen oder falschen Antworten. Versuchen Sie, sich spontan für eine Antwort zu entscheiden. [Ich empfand das Leben als sinnlos.]"
"1","1980-01-01 00:00:00","3","de","30157167","Weiblich","23","Nein","Ja","Nein","stimme überhaupt nicht zu","stimme eher zu","stimme eher nicht zu","stimme eher zu","teils, teils","stimme eher zu","stimme voll und ganz zu","teils, teils","stimme eher zu","stimme überhaupt nicht zu","stimme eher nicht zu","stimme eher nicht zu","stimme voll und ganz zu","stimme eher zu","teils, teils","stimme voll und ganz zu","stimme eher zu","stimme eher nicht zu","stimme überhaupt nicht zu","stimme eher nicht zu","stimme eher zu","stimme überhaupt nicht zu","stimme eher nicht zu","stimme eher zu","Trifft oft zu","Trifft manchmal zu","Trifft fast immer zu","Trifft manchmal zu","Trifft oft zu","Trifft oft zu","Trifft manchmal zu","Trifft oft zu","Trifft fast immer zu","Trifft oft zu","Trifft oft zu","Trifft fast immer zu","Trifft oft zu","Trifft manchmal zu"
"2","1980-01-01 00:00:00","3","de","589761741","Männlich","27","Ja","Nein","Nein","stimme eher zu","stimme eher nicht zu","teils, teils","stimme eher zu","stimme eher nicht zu","stimme eher zu","stimme eher nicht zu","stimme voll und ganz zu","stimme eher zu","stimme eher nicht zu","stimme eher zu","teils, teils","stimme eher nicht zu","stimme voll und ganz zu","stimme überhaupt nicht zu","teils, teils","stimme eher nicht zu","stimme überhaupt nicht zu","stimme eher zu","stimme überhaupt nicht zu","stimme eher nicht zu","stimme eher zu","stimme eher zu","stimme eher zu","Trifft oft zu","Trifft fast immer zu","Trifft fast immer zu","Trifft oft zu","Trifft fast immer zu","Trifft fast immer zu","Trifft gar nicht zu","Trifft oft zu","Trifft fast immer zu","Trifft gar nicht zu","Trifft fast immer zu","Trifft fast immer zu","Trifft fast immer zu","Trifft fast immer zu"
"3","1980-01-01 00:00:00","3","de","589498879","Männlich","28","Nein","Nein","Nein","stimme voll und ganz zu","stimme eher zu","teils, teils","stimme voll und ganz zu","teils, teils","stimme eher zu","stimme eher zu","stimme eher zu","teils, teils","stimme eher nicht zu","stimme eher nicht zu","stimme eher nicht zu","stimme eher zu","stimme eher zu","stimme eher zu","stimme eher zu","stimme eher zu","stimme eher nicht zu","stimme eher nicht zu","stimme eher nicht zu","stimme eher zu","stimme eher nicht zu","stimme eher nicht zu","stimme eher zu","Trifft manchmal zu","Trifft manchmal zu","Trifft manchmal zu","Trifft manchmal zu","Trifft manchmal zu","Trifft manchmal zu","Trifft manchmal zu","Trifft manchmal zu","Trifft manchmal zu","Trifft manchmal zu","Trifft manchmal zu","Trifft manchmal zu","Trifft manchmal zu","Trifft manchmal zu"
"4",,"1","de","1305750227","Männlich","24","Nein","Nein","Nein","","","","","","","","","","","","","","","","","","","","","","","","","","","","","","","","","","","","","",""
"5","1980-01-01 00:00:00","3","de","389827443","Männlich","25","Nein","Ja","Nein","stimme voll und ganz zu","stimme eher zu","stimme voll und ganz zu","stimme voll und ganz zu","teils, teils","stimme eher zu","stimme eher zu","teils, teils","stimme voll und ganz zu","stimme eher nicht zu","teils, teils","stimme eher nicht zu","stimme eher zu","stimme eher zu","stimme eher zu","teils, teils","stimme eher zu","teils, teils","stimme voll und ganz zu","stimme eher zu","stimme eher nicht zu","stimme eher nicht zu","stimme überhaupt nicht zu","teils, teils","Trifft gar nicht zu","Trifft gar nicht zu","Trifft manchmal zu","Trifft manchmal zu","Trifft gar nicht zu","Trifft gar nicht zu","Trifft gar nicht zu","Trifft manchmal zu","Trifft manchmal zu","Trifft manchmal zu","Trifft gar nicht zu","Trifft gar nicht zu","Trifft oft zu","Trifft gar nicht zu"
"6","1980-01-01 00:00:00","3","de","930405038","Männlich","22","Nein","Nein","Nein","stimme eher nicht zu","stimme überhaupt nicht zu","teils, teils","stimme eher zu","teils, teils","stimme eher zu","stimme eher zu","stimme voll und ganz zu","teils, teils","stimme überhaupt nicht zu","teils, teils","stimme überhaupt nicht zu","stimme eher zu","stimme voll und ganz zu","stimme eher zu","stimme eher zu","stimme eher zu","stimme überhaupt nicht zu","stimme eher nicht zu","teils, teils","teils, teils","stimme eher nicht zu","stimme eher nicht zu","stimme eher zu","Trifft manchmal zu","Trifft gar nicht zu","Trifft manchmal zu","Trifft gar nicht zu","Trifft manchmal zu","Trifft gar nicht zu","Trifft manchmal zu","Trifft manchmal zu","Trifft manchmal zu","Trifft gar nicht zu","Trifft gar nicht zu","Trifft gar nicht zu","Trifft manchmal zu","Trifft gar nicht zu"
"7","1980-01-01 00:00:00","3","de","1539226099","Männlich","26","Ja","Ja","Nein","teils, teils","stimme eher nicht zu","stimme eher nicht zu","stimme voll und ganz zu","stimme eher zu","stimme eher zu","teils, teils","stimme eher zu","teils, teils","teils, teils","stimme eher nicht zu","stimme eher nicht zu","teils, teils","stimme eher zu","stimme eher nicht zu","stimme eher nicht zu","stimme eher zu","stimme eher nicht zu","stimme eher zu","stimme eher zu","stimme eher nicht zu","stimme eher nicht zu","stimme eher nicht zu","teils, teils","Trifft manchmal zu","Trifft gar nicht zu","Trifft manchmal zu","Trifft manchmal zu","Trifft oft zu","Trifft gar nicht zu","Trifft gar nicht zu","Trifft manchmal zu","Trifft gar nicht zu","Trifft gar nicht zu","Trifft gar nicht zu","Trifft gar nicht zu","Trifft manchmal zu","Trifft gar nicht zu"
"8","1980-01-01 00:00:00","3","de","1792357746","Weiblich","21","Nein","Ja","Ja","stimme eher zu","stimme eher nicht zu","stimme voll und ganz zu","stimme voll und ganz zu","teils, teils","stimme eher zu","teils, teils","stimme voll und ganz zu","stimme voll und ganz zu","teils, teils","stimme eher nicht zu","teils, teils","stimme eher zu","stimme eher zu","stimme eher zu","stimme eher nicht zu","stimme voll und ganz zu","teils, teils","stimme eher nicht zu","stimme eher nicht zu","stimme überhaupt nicht zu","teils, teils","stimme eher nicht zu","teils, teils","Trifft gar nicht zu","Trifft gar nicht zu","Trifft fast immer zu","Trifft gar nicht zu","Trifft oft zu","Trifft gar nicht zu","Trifft gar nicht zu","Trifft gar nicht zu","Trifft manchmal zu","Trifft manchmal zu","Trifft gar nicht zu","Trifft manchmal zu","Trifft gar nicht zu","Trifft manchmal zu"
"9",,,"de","951591277",,,"N/A","N/A","N/A","","","","","","","","","","","","","","","","","","","","","","","","","","","","","","","","","","","","","",""
"10","1980-01-01 00:00:00","3","de","130622796","Weiblich","23","Nein","Ja","Nein","stimme voll und ganz zu","teils, teils","teils, teils","stimme eher zu","stimme eher zu","teils, teils","stimme eher nicht zu","stimme eher zu","stimme eher zu","stimme eher nicht zu","teils, teils","teils, teils","stimme eher zu","stimme voll und ganz zu","teils, teils","teils, teils","stimme voll und ganz zu","stimme eher nicht zu","teils, teils","stimme überhaupt nicht zu","stimme voll und ganz zu","stimme eher nicht zu","stimme eher nicht zu","stimme eher zu","Trifft manchmal zu","Trifft gar nicht zu","Trifft manchmal zu","Trifft manchmal zu","Trifft manchmal zu","Trifft gar nicht zu","Trifft manchmal zu","Trifft manchmal zu","Trifft gar nicht zu","Trifft oft zu","Trifft gar nicht zu","Trifft manchmal zu","Trifft gar nicht zu","Trifft gar nicht zu"
"11","1980-01-01 00:00:00","3","de","457543569","Weiblich","22","Ja","Nein","Nein","stimme eher nicht zu","stimme überhaupt nicht zu","teils, teils","stimme eher zu","stimme eher zu","stimme eher zu","teils, teils","stimme voll und ganz zu","teils, teils","stimme eher nicht zu","stimme eher nicht zu","stimme eher nicht zu","stimme voll und ganz zu","stimme voll und ganz zu","teils, teils","teils, teils","stimme eher zu","stimme überhaupt nicht zu","stimme überhaupt nicht zu","stimme überhaupt nicht zu","stimme eher zu","teils, teils","stimme eher nicht zu","stimme eher zu","Trifft fast immer zu","Trifft oft zu","Trifft oft zu","Trifft oft zu","Trifft manchmal zu","Trifft fast immer zu","Trifft oft zu","Trifft fast immer zu","Trifft fast immer zu","Trifft fast immer zu","Trifft oft zu","Trifft fast immer zu","Trifft oft zu","Trifft fast immer zu"
"12","1980-01-01 00:00:00","3","de","934100972","Weiblich","23","Nein","Ja","Nein","stimme eher nicht zu","teils, teils","stimme überhaupt nicht zu","teils, teils","teils, teils","stimme eher zu","stimme eher zu","stimme eher zu","teils, teils","stimme eher zu","teils, teils","stimme überhaupt nicht zu","stimme voll und ganz zu","stimme eher zu","stimme eher zu","stimme voll und ganz zu","stimme voll und ganz zu","stimme überhaupt nicht zu","stimme überhaupt nicht zu","stimme eher zu","stimme voll und ganz zu","teils, teils","stimme überhaupt nicht zu","stimme voll und ganz zu","Trifft oft zu","Trifft oft zu","Trifft oft zu","Trifft oft zu","Trifft oft zu","Trifft gar nicht zu","Trifft manchmal zu","Trifft oft zu","Trifft manchmal zu","Trifft manchmal zu","Trifft gar nicht zu","Trifft manchmal zu","Trifft manchmal zu","Trifft gar nicht zu"
"13","1980-01-01 00:00:00","3","de","1693240086","Weiblich","24","Nein","Ja","Nein","teils, teils","stimme überhaupt nicht zu","stimme eher nicht zu","stimme voll und ganz zu","stimme eher zu","stimme voll und ganz zu","teils, teils","stimme voll und ganz zu","stimme voll und ganz zu","stimme eher nicht zu","teils, teils","stimme eher nicht zu","stimme eher zu","stimme voll und ganz zu","stimme voll und ganz zu","stimme eher zu","stimme eher zu","stimme eher nicht zu","teils, teils","stimme eher nicht zu","stimme eher nicht zu","stimme eher nicht zu","teils, teils","stimme eher zu","Trifft gar nicht zu","Trifft gar nicht zu","Trifft manchmal zu","Trifft manchmal zu","Trifft oft zu","Trifft manchmal zu","Trifft manchmal zu","Trifft manchmal zu","Trifft manchmal zu","Trifft manchmal zu","Trifft manchmal zu","Trifft manchmal zu","Trifft manchmal zu","Trifft fast immer zu"
"14","1980-01-01 00:00:00","3","de","738836936","Weiblich","21","Ja","Nein","Nein","teils, teils","stimme eher nicht zu","stimme eher nicht zu","stimme voll und ganz zu","stimme eher zu","teils, teils","teils, teils","stimme eher zu","teils, teils","stimme eher nicht zu","stimme eher nicht zu","stimme eher nicht zu","stimme eher zu","stimme voll und ganz zu","stimme eher zu","stimme eher zu","stimme voll und ganz zu","teils, teils","stimme eher nicht zu","stimme eher nicht zu","teils, teils","stimme eher nicht zu","stimme eher nicht zu","stimme eher nicht zu","Trifft manchmal zu","Trifft gar nicht zu","Trifft manchmal zu","Trifft manchmal zu","Trifft gar nicht zu","Trifft gar nicht zu","Trifft gar nicht zu","Trifft manchmal zu","Trifft manchmal zu","Trifft manchmal zu","Trifft gar nicht zu","Trifft manchmal zu","Trifft manchmal zu","Trifft gar nicht zu"
"15","1980-01-01 00:00:00","3","de","1326687324","Weiblich","25","Ja","Ja","Nein","teils, teils","stimme eher zu","stimme eher nicht zu","stimme eher zu","teils, teils","stimme eher zu","stimme eher zu","stimme eher zu","stimme eher nicht zu","stimme eher nicht zu","stimme eher nicht zu","stimme eher nicht zu","stimme eher zu","teils, teils","stimme eher zu","stimme eher nicht zu","stimme voll und ganz zu","stimme eher nicht zu","stimme eher nicht zu","stimme eher nicht zu","stimme eher zu","teils, teils","stimme eher zu","stimme eher zu","Trifft manchmal zu","Trifft manchmal zu","Trifft manchmal zu","Trifft oft zu","Trifft manchmal zu","Trifft oft zu","Trifft oft zu","Trifft manchmal zu","Trifft gar nicht zu","Trifft manchmal zu","Trifft manchmal zu","Trifft gar nicht zu","Trifft manchmal zu","Trifft gar nicht zu"
"16","1980-01-01 00:00:00","3","de","2035904287","Weiblich","77","Nein","Nein","Nein","teils, teils","stimme eher zu","teils, teils","stimme eher nicht zu","stimme eher nicht zu","stimme eher nicht zu","stimme eher nicht zu","teils, teils","teils, teils","stimme eher nicht zu","stimme eher nicht zu","stimme eher nicht zu","stimme voll und ganz zu","stimme eher zu","stimme eher zu","stimme eher zu","stimme voll und ganz zu","stimme eher nicht zu","stimme überhaupt nicht zu","stimme eher nicht zu","stimme voll und ganz zu","stimme eher nicht zu","stimme überhaupt nicht zu","stimme eher zu","Trifft gar nicht zu","Trifft gar nicht zu","Trifft manchmal zu","Trifft gar nicht zu","Trifft manchmal zu","Trifft gar nicht zu","Trifft gar nicht zu","Trifft manchmal zu","Trifft manchmal zu","Trifft gar nicht zu","Trifft manchmal zu","Trifft gar nicht zu","Trifft gar nicht zu","Trifft gar nicht zu"
"17","1980-01-01 00:00:00","3","de","937665005","Weiblich","62","Nein","Nein","Nein","stimme eher nicht zu","teils, teils","stimme eher nicht zu","stimme voll und ganz zu","stimme voll und ganz zu","teils, teils","stimme eher zu","teils, teils","stimme überhaupt nicht zu","stimme voll und ganz zu","stimme eher nicht zu","stimme überhaupt nicht zu","stimme eher zu","stimme voll und ganz zu","stimme voll und ganz zu","stimme voll und ganz zu","stimme voll und ganz zu","stimme überhaupt nicht zu","stimme überhaupt nicht zu","teils, teils","stimme eher zu","stimme voll und ganz zu","stimme überhaupt nicht zu","stimme voll und ganz zu","Trifft manchmal zu","Trifft manchmal zu","Trifft manchmal zu","Trifft gar nicht zu","Trifft gar nicht zu","Trifft gar nicht zu","Trifft manchmal zu","Trifft gar nicht zu","Trifft gar nicht zu","Trifft gar nicht zu","Trifft gar nicht zu","Trifft gar nicht zu","Trifft manchmal zu","Trifft gar nicht zu"
"18","1980-01-01 00:00:00","3","de","1856656733","Weiblich","25","Ja","Ja","Nein","stimme überhaupt nicht zu","stimme überhaupt nicht zu","stimme eher nicht zu","stimme voll und ganz zu","stimme eher zu","stimme voll und ganz zu","stimme voll und ganz zu","stimme voll und ganz zu","stimme eher nicht zu","stimme eher nicht zu","stimme überhaupt nicht zu","stimme überhaupt nicht zu","stimme voll und ganz zu","stimme voll und ganz zu","teils, teils","stimme voll und ganz zu","stimme voll und ganz zu","stimme überhaupt nicht zu","stimme überhaupt nicht zu","stimme überhaupt nicht zu","stimme voll und ganz zu","stimme überhaupt nicht zu","stimme überhaupt nicht zu","stimme voll und ganz zu","Trifft manchmal zu","Trifft gar nicht zu","Trifft manchmal zu","Trifft manchmal zu","Trifft manchmal zu","Trifft gar nicht zu","Trifft gar nicht zu","Trifft oft zu","Trifft manchmal zu","Trifft manchmal zu","Trifft manchmal zu","Trifft manchmal zu","Trifft manchmal zu","Trifft gar nicht zu"
"19","1980-01-01 00:00:00","3","de","849232831","Weiblich","22","Ja","Nein","Nein","teils, teils","stimme eher nicht zu","stimme eher nicht zu","stimme eher zu","stimme eher zu","stimme eher zu","teils, teils","stimme eher zu","stimme überhaupt nicht zu","stimme überhaupt nicht zu","stimme überhaupt nicht zu","stimme eher nicht zu","stimme eher zu","stimme voll und ganz zu","teils, teils","stimme voll und ganz zu","stimme voll und ganz zu","stimme überhaupt nicht zu","stimme eher zu","stimme eher nicht zu","stimme voll und ganz zu","stimme überhaupt nicht zu","stimme eher nicht zu","stimme eher zu","Trifft gar nicht zu","Trifft gar nicht zu","Trifft gar nicht zu","Trifft oft zu","Trifft oft zu","Trifft gar nicht zu","Trifft fast immer zu","Trifft oft zu","Trifft gar nicht zu","Trifft oft zu","Trifft gar nicht zu","Trifft manchmal zu","Trifft oft zu","Trifft gar nicht zu"
"20","1980-01-01 00:00:00","3","de","19333034","Männlich","22","Nein","Nein","Nein","stimme eher zu","teils, teils","stimme eher zu","stimme voll und ganz zu","stimme voll und ganz zu","stimme voll und ganz zu","stimme eher zu","stimme voll und ganz zu","stimme eher zu","stimme eher nicht zu","teils, teils","stimme überhaupt nicht zu","stimme eher zu","stimme voll und ganz zu","stimme voll und ganz zu","stimme voll und ganz zu","stimme voll und ganz zu","stimme eher nicht zu","teils, teils","stimme überhaupt nicht zu","stimme voll und ganz zu","stimme überhaupt nicht zu","stimme eher nicht zu","stimme eher zu","Trifft gar nicht zu","Trifft gar nicht zu","Trifft manchmal zu","Trifft gar nicht zu","Trifft gar nicht zu","Trifft gar nicht zu","Trifft gar nicht zu","Trifft gar nicht zu","Trifft gar nicht zu","Trifft gar nicht zu","Trifft gar nicht zu","Trifft gar nicht zu","Trifft gar nicht zu","Trifft gar nicht zu"
"21","1980-01-01 00:00:00","3","de","551367056","Weiblich","20","Ja","Nein","Nein","stimme überhaupt nicht zu","stimme eher nicht zu","teils, teils","stimme eher zu","stimme eher zu","stimme eher zu","stimme voll und ganz zu","stimme eher zu","stimme überhaupt nicht zu","stimme eher nicht zu","stimme eher nicht zu","stimme eher nicht zu","stimme voll und ganz zu","stimme eher zu","stimme voll und ganz zu","stimme eher zu","stimme voll und ganz zu","stimme überhaupt nicht zu","stimme überhaupt nicht zu","stimme eher nicht zu","stimme voll und ganz zu","stimme eher nicht zu","stimme eher nicht zu","stimme eher nicht zu","Trifft gar nicht zu","Trifft manchmal zu","Trifft manchmal zu","Trifft manchmal zu","Trifft oft zu","Trifft manchmal zu","Trifft oft zu","Trifft manchmal zu","Trifft manchmal zu","Trifft oft zu","Trifft manchmal zu","Trifft manchmal zu","Trifft oft zu","Trifft manchmal zu"
"22","1980-01-01 00:00:00","3","de","2037831597","Weiblich","53","Ja","Ja","Ja","teils, teils","teils, teils","stimme überhaupt nicht zu","stimme voll und ganz zu","teils, teils","stimme voll und ganz zu","stimme eher zu","stimme eher zu","stimme eher nicht zu","stimme überhaupt nicht zu","teils, teils","stimme überhaupt nicht zu","teils, teils","stimme eher zu","teils, teils","stimme voll und ganz zu","stimme voll und ganz zu","stimme überhaupt nicht zu","stimme eher nicht zu","stimme überhaupt nicht zu","stimme voll und ganz zu","stimme überhaupt nicht zu","stimme eher nicht zu","stimme voll und ganz zu","Trifft gar nicht zu","Trifft gar nicht zu","Trifft manchmal zu","Trifft manchmal zu","Trifft gar nicht zu","Trifft gar nicht zu","Trifft manchmal zu","Trifft gar nicht zu","Trifft gar nicht zu","Trifft manchmal zu","Trifft gar nicht zu","Trifft gar nicht zu","Trifft manchmal zu","Trifft gar nicht zu"
"23","1980-01-01 00:00:00","3","de","1267060724","Weiblich","21","Ja","Nein","Nein","stimme überhaupt nicht zu","teils, teils","stimme überhaupt nicht zu","teils, teils","stimme eher zu","teils, teils","stimme voll und ganz zu","stimme eher zu","stimme überhaupt nicht zu","stimme eher nicht zu","teils, teils","stimme eher nicht zu","stimme voll und ganz zu","teils, teils","stimme eher zu","stimme eher zu","stimme voll und ganz zu","stimme eher nicht zu","stimme überhaupt nicht zu","stimme überhaupt nicht zu","stimme voll und ganz zu","teils, teils","stimme überhaupt nicht zu","stimme eher nicht zu","Trifft gar nicht zu","Trifft gar nicht zu","Trifft gar nicht zu","Trifft gar nicht zu","Trifft manchmal zu","Trifft gar nicht zu","Trifft gar nicht zu","Trifft manchmal zu","Trifft gar nicht zu","Trifft gar nicht zu","Trifft gar nicht zu","Trifft gar nicht zu","Trifft manchmal zu","Trifft gar nicht zu"
"24","1980-01-01 00:00:00","3","de","1951223813","Weiblich","24","Ja","Nein","Nein","teils, teils","stimme überhaupt nicht zu","teils, teils","stimme voll und ganz zu","teils, teils","teils, teils","stimme eher nicht zu","stimme voll und ganz zu","stimme voll und ganz zu","stimme eher nicht zu","stimme eher zu","stimme eher nicht zu","teils, teils","stimme voll und ganz zu","stimme eher nicht zu","stimme eher zu","stimme eher zu","stimme überhaupt nicht zu","teils, teils","stimme überhaupt nicht zu","stimme eher nicht zu","stimme überhaupt nicht zu","teils, teils","teils, teils","Trifft oft zu","Trifft manchmal zu","Trifft oft zu","Trifft gar nicht zu","Trifft manchmal zu","Trifft manchmal zu","Trifft gar nicht zu","Trifft oft zu","Trifft manchmal zu","Trifft gar nicht zu","Trifft manchmal zu","Trifft oft zu","Trifft manchmal zu","Trifft manchmal zu"
"25","1980-01-01 00:00:00","3","de","2088648795","Weiblich","21","Ja","Ja","Nein","stimme eher nicht zu","stimme überhaupt nicht zu","stimme eher zu","stimme voll und ganz zu","stimme eher zu","stimme eher nicht zu","stimme eher zu","stimme voll und ganz zu","teils, teils","stimme überhaupt nicht zu","stimme eher zu","teils, teils","stimme voll und ganz zu","stimme voll und ganz zu","stimme eher zu","teils, teils","stimme eher zu","stimme eher zu","stimme überhaupt nicht zu","stimme überhaupt nicht zu","stimme eher zu","stimme eher nicht zu","stimme eher nicht zu","stimme eher nicht zu","Trifft oft zu","Trifft manchmal zu","Trifft fast immer zu","Trifft manchmal zu","Trifft fast immer zu","Trifft fast immer zu","Trifft gar nicht zu","Trifft fast immer zu","Trifft oft zu","Trifft fast immer zu","Trifft manchmal zu","Trifft fast immer zu","Trifft oft zu","Trifft manchmal zu"
"26",,"1","de","991407332","Weiblich","20","Ja","Ja","Ja","teils, teils","","","","","","","","","","","","","","","","","","","","","","","","","","","","","","","","","","","","",""
"27",,"1","de","2042432189","Männlich","24","Nein","Nein","Ja","","","","","","","","","","","","","","","","","","","","","","","","","","","","","","","","","","","","","",""
"28","1980-01-01 00:00:00","3","de","1813512652","Männlich","25","Nein","Nein","Ja","stimme überhaupt nicht zu","stimme überhaupt nicht zu","teils, teils","stimme voll und ganz zu","stimme voll und ganz zu","stimme voll und ganz zu","stimme eher zu","stimme voll und ganz zu","stimme voll und ganz zu","stimme überhaupt nicht zu","stimme überhaupt nicht zu","stimme überhaupt nicht zu","stimme eher zu","stimme voll und ganz zu","stimme voll und ganz zu","stimme voll und ganz zu","stimme voll und ganz zu","stimme überhaupt nicht zu","teils, teils","stimme überhaupt nicht zu","stimme voll und ganz zu","stimme überhaupt nicht zu","stimme überhaupt nicht zu","stimme eher zu","Trifft oft zu","Trifft fast immer zu","Trifft fast immer zu","Trifft gar nicht zu","Trifft manchmal zu","Trifft fast immer zu","Trifft fast immer zu","Trifft fast immer zu","Trifft gar nicht zu","Trifft manchmal zu","Trifft fast immer zu","Trifft fast immer zu","Trifft gar nicht zu","Trifft fast immer zu"
"29","1980-01-01 00:00:00","3","de","1759485557","Weiblich","25","Ja","Nein","Nein","stimme eher zu","stimme voll und ganz zu","stimme eher nicht zu","stimme eher zu","stimme überhaupt nicht zu","teils, teils","teils, teils","teils, teils","stimme voll und ganz zu","stimme eher nicht zu","teils, teils","stimme eher nicht zu","stimme voll und ganz zu","teils, teils","stimme eher zu","stimme voll und ganz zu","stimme eher zu","stimme überhaupt nicht zu","stimme eher zu","teils, teils","stimme eher nicht zu","stimme eher nicht zu","stimme eher nicht zu","stimme eher zu","Trifft gar nicht zu","Trifft oft zu","Trifft oft zu","Trifft manchmal zu","Trifft fast immer zu","Trifft manchmal zu","Trifft oft zu","Trifft manchmal zu","Trifft manchmal zu","Trifft manchmal zu","Trifft manchmal zu","Trifft manchmal zu","Trifft oft zu","Trifft manchmal zu"
"30","1980-01-01 00:00:00","3","de","35220712","Männlich","23","Ja","Ja","Nein","stimme überhaupt nicht zu","stimme überhaupt nicht zu","stimme überhaupt nicht zu","stimme überhaupt nicht zu","stimme überhaupt nicht zu","stimme voll und ganz zu","stimme voll und ganz zu","stimme voll und ganz zu","stimme überhaupt nicht zu","stimme voll und ganz zu","stimme voll und ganz zu","stimme voll und ganz zu","stimme überhaupt nicht zu","stimme voll und ganz zu","stimme voll und ganz zu","stimme voll und ganz zu","stimme voll und ganz zu","stimme überhaupt nicht zu","stimme überhaupt nicht zu","stimme überhaupt nicht zu","stimme überhaupt nicht zu","stimme überhaupt nicht zu","stimme überhaupt nicht zu","stimme voll und ganz zu","Trifft gar nicht zu","Trifft gar nicht zu","Trifft gar nicht zu","Trifft gar nicht zu","Trifft gar nicht zu","Trifft gar nicht zu","Trifft gar nicht zu","Trifft gar nicht zu","Trifft gar nicht zu","Trifft gar nicht zu","Trifft gar nicht zu","Trifft gar nicht zu","Trifft gar nicht zu","Trifft gar nicht zu"
"31","1980-01-01 00:00:00","3","de","716379378","Weiblich","20","Ja","Ja","Ja","teils, teils","stimme voll und ganz zu","teils, teils","stimme eher zu","stimme eher zu","stimme eher nicht zu","teils, teils","stimme überhaupt nicht zu","stimme eher zu","stimme voll und ganz zu","teils, teils","stimme voll und ganz zu","stimme eher zu","stimme überhaupt nicht zu","stimme eher nicht zu","stimme eher nicht zu","stimme eher zu","stimme voll und ganz zu","teils, teils","stimme voll und ganz zu","teils, teils","stimme eher zu","stimme eher zu","stimme eher nicht zu","Trifft manchmal zu","Trifft manchmal zu","Trifft manchmal zu","Trifft manchmal zu","Trifft manchmal zu","Trifft manchmal zu","Trifft oft zu","Trifft fast immer zu","Trifft manchmal zu","Trifft manchmal zu","Trifft manchmal zu","Trifft manchmal zu","Trifft manchmal zu","Trifft gar nicht zu"
"32","1980-01-01 00:00:00","3","de","83003282","Weiblich","23","Ja","Nein","Ja","stimme überhaupt nicht zu","stimme eher zu","stimme eher nicht zu","teils, teils","stimme eher zu","teils, teils","stimme eher zu","stimme voll und ganz zu","teils, teils","teils, teils","teils, teils","stimme eher nicht zu","stimme voll und ganz zu","teils, teils","teils, teils","stimme voll und ganz zu","stimme eher zu","stimme eher nicht zu","stimme eher nicht zu","teils, teils","stimme eher nicht zu","stimme eher nicht zu","stimme eher nicht zu","teils, teils","Trifft oft zu","Trifft gar nicht zu","Trifft manchmal zu","Trifft oft zu","Trifft oft zu","Trifft gar nicht zu","Trifft manchmal zu","Trifft oft zu","Trifft manchmal zu","Trifft manchmal zu","Trifft gar nicht zu","Trifft gar nicht zu","Trifft gar nicht zu","Trifft gar nicht zu"
"33","1980-01-01 00:00:00","3","de","846193421","Weiblich","21","Ja","Ja","Ja","stimme überhaupt nicht zu","stimme eher nicht zu","stimme eher nicht zu","stimme eher zu","teils, teils","stimme eher zu","stimme voll und ganz zu","stimme eher nicht zu","stimme überhaupt nicht zu","stimme eher nicht zu","stimme eher nicht zu","stimme eher nicht zu","stimme voll und ganz zu","teils, teils","stimme voll und ganz zu","stimme eher zu","stimme eher zu","stimme eher nicht zu","stimme überhaupt nicht zu","stimme eher zu","stimme voll und ganz zu","stimme eher nicht zu","stimme eher nicht zu","teils, teils","Trifft manchmal zu","Trifft gar nicht zu","Trifft gar nicht zu","Trifft fast immer zu","Trifft oft zu","Trifft gar nicht zu","Trifft fast immer zu","Trifft fast immer zu","Trifft manchmal zu","Trifft oft zu","Trifft manchmal zu","Trifft manchmal zu","Trifft fast immer zu","Trifft gar nicht zu"
"34","1980-01-01 00:00:00","3","de","193602451","Weiblich","22","Ja","Nein","Nein","stimme überhaupt nicht zu","stimme überhaupt nicht zu","stimme eher nicht zu","stimme voll und ganz zu","teils, teils","stimme eher zu","stimme voll und ganz zu","stimme voll und ganz zu","stimme eher nicht zu","stimme überhaupt nicht zu","stimme überhaupt nicht zu","stimme eher nicht zu","stimme voll und ganz zu","stimme voll und ganz zu","teils, teils","stimme voll und ganz zu","stimme voll und ganz zu","stimme überhaupt nicht zu","stimme überhaupt nicht zu","stimme überhaupt nicht zu","stimme eher zu","stimme überhaupt nicht zu","stimme überhaupt nicht zu","stimme eher zu","Trifft oft zu","Trifft manchmal zu","Trifft oft zu","Trifft oft zu","Trifft fast immer zu","Trifft oft zu","Trifft manchmal zu","Trifft fast immer zu","Trifft gar nicht zu","Trifft fast immer zu","Trifft manchmal zu","Trifft manchmal zu","Trifft oft zu","Trifft oft zu"
"35","1980-01-01 00:00:00","3","de","1502697698","Weiblich","26","Ja","Nein","Nein","stimme eher nicht zu","stimme eher nicht zu","stimme eher zu","stimme voll und ganz zu","stimme eher zu","stimme eher nicht zu","stimme eher zu","stimme eher zu","stimme eher nicht zu","stimme überhaupt nicht zu","teils, teils","stimme eher nicht zu","stimme voll und ganz zu","stimme voll und ganz zu","stimme eher zu","teils, teils","stimme voll und ganz zu","stimme eher nicht zu","stimme überhaupt nicht zu","stimme eher nicht zu","stimme eher zu","stimme überhaupt nicht zu","stimme eher zu","stimme eher nicht zu","Trifft gar nicht zu","Trifft gar nicht zu","Trifft manchmal zu","Trifft manchmal zu","Trifft gar nicht zu","Trifft gar nicht zu","Trifft gar nicht zu","Trifft manchmal zu","Trifft gar nicht zu","Trifft gar nicht zu","Trifft gar nicht zu","Trifft manchmal zu","Trifft gar nicht zu","Trifft gar nicht zu"
"36","1980-01-01 00:00:00","3","de","1700270775","Weiblich","20","Ja","Nein","Ja","stimme überhaupt nicht zu","stimme überhaupt nicht zu","teils, teils","stimme eher zu","stimme eher zu","stimme eher zu","stimme voll und ganz zu","stimme eher zu","teils, teils","stimme überhaupt nicht zu","teils, teils","stimme eher nicht zu","stimme voll und ganz zu","stimme voll und ganz zu","stimme eher zu","stimme eher zu","stimme eher zu","stimme überhaupt nicht zu","stimme überhaupt nicht zu","teils, teils","teils, teils","stimme überhaupt nicht zu","stimme eher nicht zu","stimme voll und ganz zu","Trifft manchmal zu","Trifft gar nicht zu","Trifft oft zu","Trifft oft zu","Trifft manchmal zu","Trifft manchmal zu","Trifft fast immer zu","Trifft oft zu","Trifft oft zu","Trifft manchmal zu","Trifft gar nicht zu","Trifft manchmal zu","Trifft gar nicht zu","Trifft gar nicht zu"
"37","1980-01-01 00:00:00","3","de","1479684282","Weiblich","23","Ja","Ja","Nein","stimme voll und ganz zu","stimme überhaupt nicht zu","stimme eher nicht zu","stimme voll und ganz zu","stimme überhaupt nicht zu","stimme voll und ganz zu","stimme eher nicht zu","stimme voll und ganz zu","stimme voll und ganz zu","teils, teils","stimme eher nicht zu","stimme voll und ganz zu","stimme eher zu","stimme voll und ganz zu","teils, teils","stimme voll und ganz zu","stimme voll und ganz zu","stimme überhaupt nicht zu","stimme voll und ganz zu","stimme überhaupt nicht zu","stimme eher nicht zu","stimme eher nicht zu","stimme eher nicht zu","stimme voll und ganz zu","Trifft fast immer zu","Trifft manchmal zu","Trifft fast immer zu","Trifft oft zu","Trifft fast immer zu","Trifft manchmal zu","Trifft oft zu","Trifft fast immer zu","Trifft manchmal zu","Trifft oft zu","Trifft manchmal zu","Trifft manchmal zu","Trifft fast immer zu","Trifft gar nicht zu"
"38","1980-01-01 00:00:00","3","de","1893009955","Weiblich","22","Ja","Nein","Ja","stimme eher zu","stimme voll und ganz zu","stimme eher zu","stimme eher zu","stimme eher zu","stimme eher zu","teils, teils","teils, teils","stimme voll und ganz zu","stimme eher zu","stimme eher zu","teils, teils","stimme eher zu","teils, teils","teils, teils","stimme eher nicht zu","stimme eher zu","teils, teils","stimme eher nicht zu","teils, teils","stimme eher zu","stimme eher zu","stimme eher zu","teils, teils","Trifft manchmal zu","Trifft manchmal zu","Trifft manchmal zu","Trifft gar nicht zu","Trifft manchmal zu","Trifft manchmal zu","Trifft manchmal zu","Trifft gar nicht zu","Trifft manchmal zu","Trifft manchmal zu","Trifft manchmal zu","Trifft manchmal zu","Trifft manchmal zu","Trifft manchmal zu"
"39","1980-01-01 00:00:00","3","de","1745466919","Weiblich","20","Ja","Nein","Nein","stimme eher zu","stimme eher nicht zu","teils, teils","stimme eher zu","teils, teils","stimme eher zu","stimme eher nicht zu","stimme eher zu","stimme voll und ganz zu","stimme überhaupt nicht zu","stimme eher zu","stimme eher nicht zu","stimme eher zu","stimme eher zu","stimme eher nicht zu","stimme voll und ganz zu","teils, teils","stimme eher nicht zu","stimme eher zu","stimme eher nicht zu","stimme eher nicht zu","stimme überhaupt nicht zu","stimme eher zu","teils, teils","Trifft oft zu","Trifft manchmal zu","Trifft oft zu","Trifft manchmal zu","Trifft manchmal zu","Trifft oft zu","Trifft manchmal zu","Trifft manchmal zu","Trifft oft zu","Trifft manchmal zu","Trifft manchmal zu","Trifft oft zu","Trifft oft zu","Trifft oft zu"
"40","1980-01-01 00:00:00","3","de","1510400825","Weiblich","24","Nein","Nein","Nein","stimme eher nicht zu","stimme eher nicht zu","stimme eher nicht zu","stimme eher zu","teils, teils","stimme eher zu","stimme eher zu","stimme eher zu","teils, teils","stimme eher nicht zu","stimme eher nicht zu","teils, teils","stimme eher zu","stimme voll und ganz zu","stimme eher zu","stimme voll und ganz zu","stimme voll und ganz zu","stimme eher nicht zu","stimme eher nicht zu","stimme eher nicht zu","stimme eher zu","stimme eher nicht zu","stimme eher nicht zu","teils, teils","Trifft manchmal zu","Trifft manchmal zu","Trifft gar nicht zu","Trifft manchmal zu","Trifft manchmal zu","Trifft gar nicht zu","Trifft manchmal zu","Trifft fast immer zu","Trifft oft zu","Trifft manchmal zu","Trifft gar nicht zu","Trifft oft zu","Trifft manchmal zu","Trifft manchmal zu"
"41","1980-01-01 00:00:00","3","de","1202578610","Weiblich","23","Nein","Ja","Nein","teils, teils","stimme eher nicht zu","teils, teils","stimme eher zu","stimme eher zu","teils, teils","teils, teils","stimme eher zu","teils, teils","stimme überhaupt nicht zu","stimme eher nicht zu","teils, teils","stimme eher zu","teils, teils","teils, teils","stimme eher zu","stimme eher zu","teils, teils","stimme eher nicht zu","stimme eher nicht zu","stimme eher zu","stimme eher nicht zu","teils, teils","teils, teils","Trifft manchmal zu","Trifft gar nicht zu","Trifft manchmal zu","Trifft gar nicht zu","Trifft gar nicht zu","Trifft gar nicht zu","Trifft gar nicht zu","Trifft manchmal zu","Trifft manchmal zu","Trifft manchmal zu","Trifft gar nicht zu","Trifft gar nicht zu","Trifft gar nicht zu","Trifft gar nicht zu"
"42","1980-01-01 00:00:00","3","de","746890950","Weiblich","24","Nein","Ja","Nein","stimme überhaupt nicht zu","teils, teils","teils, teils","stimme eher zu","teils, teils","teils, teils","stimme eher zu","stimme eher zu","stimme eher zu","stimme eher nicht zu","stimme eher nicht zu","stimme eher nicht zu","stimme voll und ganz zu","stimme eher zu","teils, teils","stimme eher nicht zu","stimme eher zu","teils, teils","stimme überhaupt nicht zu","stimme eher zu","teils, teils","teils, teils","stimme eher nicht zu","teils, teils","Trifft manchmal zu","Trifft gar nicht zu","Trifft manchmal zu","Trifft manchmal zu","Trifft manchmal zu","Trifft manchmal zu","Trifft manchmal zu","Trifft manchmal zu","Trifft manchmal zu","Trifft manchmal zu","Trifft gar nicht zu","Trifft manchmal zu","Trifft manchmal zu","Trifft manchmal zu"
"43",,"0","de","2022034438","Weiblich","60","Nein","N/A","N/A","","","","","","","","","","","","","","","","","","","","","","","","","","","","","","","","","","","","","",""
"44","1980-01-01 00:00:00","3","de","2036395286","Weiblich","56","Nein","Ja","Nein","stimme überhaupt nicht zu","teils, teils","stimme eher nicht zu","teils, teils","stimme eher zu","teils, teils","stimme eher zu","stimme eher zu","teils, teils","teils, teils","stimme eher nicht zu","teils, teils","stimme voll und ganz zu","stimme eher zu","teils, teils","teils, teils","stimme eher zu","stimme eher nicht zu","stimme überhaupt nicht zu","stimme überhaupt nicht zu","stimme voll und ganz zu","stimme überhaupt nicht zu","stimme überhaupt nicht zu","teils, teils","Trifft oft zu","Trifft manchmal zu","Trifft manchmal zu","Trifft manchmal zu","Trifft gar nicht zu","Trifft gar nicht zu","Trifft gar nicht zu","Trifft oft zu","Trifft manchmal zu","Trifft gar nicht zu","Trifft manchmal zu","Trifft manchmal zu","Trifft oft zu","Trifft gar nicht zu"
"45","1980-01-01 00:00:00","3","de","547226035","Weiblich","17","Nein","Nein","Nein","teils, teils","stimme überhaupt nicht zu","teils, teils","stimme voll und ganz zu","stimme voll und ganz zu","stimme eher zu","stimme eher zu","stimme voll und ganz zu","stimme eher zu","stimme eher nicht zu","stimme überhaupt nicht zu","stimme eher nicht zu","stimme voll und ganz zu","stimme voll und ganz zu","stimme eher zu","stimme eher zu","stimme voll und ganz zu","stimme eher nicht zu","stimme eher zu","stimme eher nicht zu","stimme voll und ganz zu","stimme eher nicht zu","stimme überhaupt nicht zu","stimme eher zu","Trifft fast immer zu","Trifft manchmal zu","Trifft oft zu","Trifft oft zu","Trifft fast immer zu","Trifft manchmal zu","Trifft oft zu","Trifft fast immer zu","Trifft oft zu","Trifft manchmal zu","Trifft manchmal zu","Trifft manchmal zu","Trifft manchmal zu","Trifft gar nicht zu"
"46","1980-01-01 00:00:00","3","de","2037984100","Männlich","57","Nein","Ja","Nein","stimme eher nicht zu","stimme eher zu","stimme eher nicht zu","stimme voll und ganz zu","teils, teils","stimme eher zu","stimme eher zu","stimme eher zu","stimme eher nicht zu","teils, teils","teils, teils","stimme eher zu","stimme eher zu","stimme eher nicht zu","stimme eher zu","stimme eher zu","stimme eher zu","stimme eher nicht zu","stimme eher nicht zu","stimme eher zu","stimme eher zu","teils, teils","teils, teils","teils, teils","Trifft gar nicht zu","Trifft gar nicht zu","Trifft gar nicht zu","Trifft manchmal zu","Trifft manchmal zu","Trifft gar nicht zu","Trifft gar nicht zu","Trifft gar nicht zu","Trifft gar nicht zu","Trifft gar nicht zu","Trifft gar nicht zu","Trifft gar nicht zu","Trifft gar nicht zu","Trifft gar nicht zu"
"47","1980-01-01 00:00:00","3","de","1852708339","Weiblich","25","Ja","Ja","Ja","stimme eher nicht zu","stimme überhaupt nicht zu","stimme eher nicht zu","stimme voll und ganz zu","teils, teils","stimme voll und ganz zu","stimme voll und ganz zu","stimme voll und ganz zu","stimme eher nicht zu","stimme überhaupt nicht zu","stimme überhaupt nicht zu","stimme überhaupt nicht zu","stimme voll und ganz zu","stimme voll und ganz zu","teils, teils","stimme voll und ganz zu","stimme eher zu","stimme überhaupt nicht zu","stimme überhaupt nicht zu","stimme überhaupt nicht zu","stimme voll und ganz zu","stimme überhaupt nicht zu","stimme eher nicht zu","stimme voll und ganz zu","Trifft gar nicht zu","Trifft gar nicht zu","Trifft manchmal zu","Trifft gar nicht zu","Trifft manchmal zu","Trifft gar nicht zu","Trifft gar nicht zu","Trifft gar nicht zu","Trifft manchmal zu","Trifft gar nicht zu","Trifft gar nicht zu","Trifft gar nicht zu","Trifft gar nicht zu","Trifft gar nicht zu"
"48","1980-01-01 00:00:00","3","de","88842315","Männlich","51","Nein","Ja","Nein","stimme eher nicht zu","stimme eher zu","teils, teils","stimme eher zu","stimme eher zu","teils, teils","stimme eher zu","teils, teils","teils, teils","stimme eher nicht zu","stimme eher nicht zu","teils, teils","stimme eher zu","teils, teils","stimme eher zu","stimme eher zu","stimme eher zu","teils, teils","stimme eher nicht zu","teils, teils","teils, teils","stimme überhaupt nicht zu","stimme eher nicht zu","teils, teils","Trifft gar nicht zu","Trifft gar nicht zu","Trifft manchmal zu","Trifft manchmal zu","Trifft manchmal zu","Trifft gar nicht zu","Trifft manchmal zu","Trifft manchmal zu","Trifft manchmal zu","Trifft manchmal zu","Trifft manchmal zu","Trifft manchmal zu","Trifft manchmal zu","Trifft gar nicht zu"
"49",,"1","de","798673910","Weiblich","19","Nein","Ja","Nein","","","","","","","","","","","","","","","","","","","","","","","","","","","","","","","","","","","","","",""
"50","1980-01-01 00:00:00","3","de","787895967","Männlich","50","Nein","Ja","Nein","stimme eher nicht zu","stimme eher zu","stimme eher nicht zu","stimme voll und ganz zu","stimme eher zu","stimme voll und ganz zu","stimme voll und ganz zu","stimme eher nicht zu","stimme eher zu","stimme eher zu","stimme eher nicht zu","stimme überhaupt nicht zu","stimme voll und ganz zu","teils, teils","stimme voll und ganz zu","stimme voll und ganz zu","stimme voll und ganz zu","stimme überhaupt nicht zu","stimme überhaupt nicht zu","stimme eher zu","stimme voll und ganz zu","stimme überhaupt nicht zu","stimme eher zu","stimme voll und ganz zu","Trifft manchmal zu","Trifft gar nicht zu","Trifft gar nicht zu","Trifft manchmal zu","Trifft gar nicht zu","Trifft gar nicht zu","Trifft gar nicht zu","Trifft manchmal zu","Trifft gar nicht zu","Trifft manchmal zu","Trifft gar nicht zu","Trifft gar nicht zu","Trifft manchmal zu","Trifft gar nicht zu"
"51","1980-01-01 00:00:00","3","de","84561724","Männlich","21","Nein","Nein","Nein","stimme eher nicht zu","stimme eher zu","stimme eher nicht zu","stimme voll und ganz zu","stimme voll und ganz zu","stimme eher zu","stimme voll und ganz zu","stimme eher zu","stimme eher nicht zu","teils, teils","stimme eher nicht zu","stimme eher nicht zu","stimme voll und ganz zu","stimme eher zu","stimme voll und ganz zu","stimme voll und ganz zu","stimme voll und ganz zu","stimme eher nicht zu","stimme überhaupt nicht zu","stimme eher nicht zu","stimme eher zu","stimme eher nicht zu","stimme überhaupt nicht zu","teils, teils","Trifft manchmal zu","Trifft gar nicht zu","Trifft manchmal zu","Trifft gar nicht zu","Trifft manchmal zu","Trifft gar nicht zu","Trifft gar nicht zu","Trifft manchmal zu","Trifft gar nicht zu","Trifft manchmal zu","Trifft manchmal zu","Trifft gar nicht zu","Trifft manchmal zu","Trifft gar nicht zu"
"52","1980-01-01 00:00:00","3","de","94303777","Weiblich","23","Nein","Nein","Nein","stimme eher nicht zu","stimme voll und ganz zu","teils, teils","stimme eher zu","teils, teils","stimme eher zu","teils, teils","stimme eher zu","stimme eher zu","stimme eher zu","teils, teils","stimme eher nicht zu","stimme voll und ganz zu","teils, teils","stimme eher zu","stimme eher nicht zu","stimme eher zu","stimme eher nicht zu","stimme eher nicht zu","stimme eher zu","teils, teils","teils, teils","stimme eher nicht zu","teils, teils","Trifft oft zu","Trifft oft zu","Trifft oft zu","Trifft manchmal zu","Trifft oft zu","Trifft manchmal zu","Trifft manchmal zu","Trifft oft zu","Trifft oft zu","Trifft gar nicht zu","Trifft oft zu","Trifft manchmal zu","Trifft manchmal zu","Trifft oft zu"
"53","1980-01-01 00:00:00","3","de","1036034917","Weiblich","24","Nein","Ja","Nein","stimme eher nicht zu","teils, teils","stimme eher nicht zu","stimme voll und ganz zu","stimme voll und ganz zu","stimme eher zu","stimme voll und ganz zu","teils, teils","stimme eher nicht zu","stimme überhaupt nicht zu","stimme eher nicht zu","teils, teils","stimme voll und ganz zu","stimme voll und ganz zu","teils, teils","stimme voll und ganz zu","stimme eher zu","stimme eher nicht zu","stimme überhaupt nicht zu","teils, teils","stimme voll und ganz zu","stimme eher nicht zu","stimme überhaupt nicht zu","stimme eher nicht zu","Trifft manchmal zu","Trifft gar nicht zu","Trifft manchmal zu","Trifft gar nicht zu","Trifft manchmal zu","Trifft gar nicht zu","Trifft manchmal zu","Trifft gar nicht zu","Trifft gar nicht zu","Trifft manchmal zu","Trifft gar nicht zu","Trifft gar nicht zu","Trifft oft zu","Trifft gar nicht zu"
"54",,"1","de","1363696514","Männlich","23","Nein","Ja","Nein","","","","","","","","","","","","","","","","","","","","","","","","","","","","","","","","","","","","","",""
"55","1980-01-01 00:00:00","3","de","953821420","Männlich","23","Nein","Ja","Nein","stimme eher zu","stimme eher zu","stimme eher zu","stimme eher zu","stimme eher zu","teils, teils","stimme eher nicht zu","stimme eher nicht zu","stimme eher zu","stimme eher nicht zu","stimme eher zu","stimme eher nicht zu","stimme eher zu","stimme eher zu","teils, teils","stimme eher zu","stimme eher zu","stimme eher nicht zu","stimme eher zu","teils, teils","stimme eher zu","stimme eher nicht zu","teils, teils","teils, teils","Trifft manchmal zu","Trifft gar nicht zu","Trifft manchmal zu","Trifft manchmal zu","Trifft gar nicht zu","Trifft gar nicht zu","Trifft manchmal zu","Trifft manchmal zu","Trifft gar nicht zu","Trifft gar nicht zu","Trifft gar nicht zu","Trifft gar nicht zu","Trifft gar nicht zu","Trifft gar nicht zu"
"56","1980-01-01 00:00:00","3","de","139879726","Männlich","26","Nein","Ja","Nein","stimme eher nicht zu","stimme eher zu","stimme überhaupt nicht zu","stimme eher zu","stimme eher zu","teils, teils","stimme eher zu","teils, teils","stimme eher nicht zu","stimme überhaupt nicht zu","stimme eher nicht zu","teils, teils","stimme voll und ganz zu","teils, teils","stimme voll und ganz zu","stimme eher zu","teils, teils","stimme eher zu","stimme überhaupt nicht zu","stimme eher nicht zu","stimme eher zu","teils, teils","stimme eher nicht zu","stimme eher zu","Trifft fast immer zu","Trifft oft zu","Trifft manchmal zu","Trifft gar nicht zu","Trifft oft zu","Trifft manchmal zu","Trifft manchmal zu","Trifft oft zu","Trifft manchmal zu","Trifft manchmal zu","Trifft manchmal zu","Trifft gar nicht zu","Trifft manchmal zu","Trifft gar nicht zu"
"57","1980-01-01 00:00:00","3","de","727913849","Männlich","24","Nein","Nein","Nein","teils, teils","stimme eher zu","teils, teils","stimme eher nicht zu","stimme eher zu","teils, teils","teils, teils","stimme eher nicht zu","teils, teils","stimme eher nicht zu","stimme eher nicht zu","teils, teils","stimme eher zu","stimme eher nicht zu","stimme eher zu","teils, teils","stimme eher zu","teils, teils","stimme eher nicht zu","teils, teils","stimme eher zu","teils, teils","stimme überhaupt nicht zu","teils, teils","Trifft manchmal zu","Trifft manchmal zu","Trifft manchmal zu","Trifft manchmal zu","Trifft gar nicht zu","Trifft manchmal zu","Trifft manchmal zu","Trifft manchmal zu","Trifft manchmal zu","Trifft gar nicht zu","Trifft manchmal zu","Trifft gar nicht zu","Trifft manchmal zu","Trifft gar nicht zu"
"58","1980-01-01 00:00:00","3","de","1449783787","Weiblich","23","Nein","Ja","Nein","teils, teils","stimme eher nicht zu","teils, teils","stimme eher zu","stimme eher zu","stimme eher nicht zu","teils, teils","stimme eher zu","teils, teils","stimme eher nicht zu","stimme eher nicht zu","teils, teils","teils, teils","stimme eher zu","teils, teils","teils, teils","stimme voll und ganz zu","stimme überhaupt nicht zu","stimme überhaupt nicht zu","teils, teils","stimme eher nicht zu","teils, teils","stimme eher nicht zu","teils, teils","Trifft manchmal zu","Trifft gar nicht zu","Trifft manchmal zu","Trifft manchmal zu","Trifft gar nicht zu","Trifft manchmal zu","Trifft manchmal zu","Trifft manchmal zu","Trifft manchmal zu","Trifft gar nicht zu","Trifft gar nicht zu","Trifft gar nicht zu","Trifft manchmal zu","Trifft manchmal zu"
"59","1980-01-01 00:00:00","3","de","787950437","Weiblich","59","Nein","Ja","Nein","teils, teils","stimme überhaupt nicht zu","teils, teils","stimme voll und ganz zu","stimme eher zu","stimme eher zu","teils, teils","stimme voll und ganz zu","stimme eher zu","stimme überhaupt nicht zu","teils, teils","stimme überhaupt nicht zu","stimme eher zu","stimme voll und ganz zu","teils, teils","stimme voll und ganz zu","stimme voll und ganz zu","stimme überhaupt nicht zu","teils, teils","stimme überhaupt nicht zu","stimme voll und ganz zu","teils, teils","stimme eher nicht zu","stimme eher zu","Trifft oft zu","Trifft manchmal zu","Trifft manchmal zu","Trifft manchmal zu","Trifft oft zu","Trifft manchmal zu","Trifft oft zu","Trifft oft zu","Trifft manchmal zu","Trifft oft zu","Trifft gar nicht zu","Trifft oft zu","Trifft oft zu","Trifft gar nicht zu"
"60","1980-01-01 00:00:00","3","de","1312489372","Weiblich","55","Nein","Ja","Nein","stimme eher zu","stimme eher zu","teils, teils","stimme eher zu","stimme voll und ganz zu","stimme eher nicht zu","teils, teils","teils, teils","stimme eher zu","stimme eher zu","stimme eher zu","stimme eher zu","stimme eher zu","stimme eher zu","teils, teils","stimme eher zu","stimme voll und ganz zu","stimme eher zu","teils, teils","teils, teils","stimme eher zu","stimme eher zu","stimme überhaupt nicht zu","stimme überhaupt nicht zu","Trifft gar nicht zu","Trifft gar nicht zu","Trifft manchmal zu","Trifft gar nicht zu","Trifft manchmal zu","Trifft gar nicht zu","Trifft gar nicht zu","Trifft gar nicht zu","Trifft manchmal zu","Trifft gar nicht zu","Trifft manchmal zu","Trifft gar nicht zu","Trifft gar nicht zu","Trifft gar nicht zu"
"61","1980-01-01 00:00:00","3","de","1647986056","Männlich","24","Ja","Ja","Ja","stimme überhaupt nicht zu","stimme eher nicht zu","teils, teils","stimme eher zu","stimme eher zu","stimme voll und ganz zu","stimme voll und ganz zu","teils, teils","teils, teils","stimme eher nicht zu","teils, teils","stimme überhaupt nicht zu","stimme eher zu","teils, teils","teils, teils","stimme eher zu","stimme eher zu","stimme eher nicht zu","stimme eher nicht zu","stimme eher zu","stimme eher zu","stimme eher nicht zu","teils, teils","stimme eher zu","Trifft manchmal zu","Trifft gar nicht zu","Trifft oft zu","Trifft gar nicht zu","Trifft gar nicht zu","Trifft manchmal zu","Trifft manchmal zu","Trifft gar nicht zu","Trifft gar nicht zu","Trifft gar nicht zu","Trifft manchmal zu","Trifft manchmal zu","Trifft gar nicht zu","Trifft gar nicht zu"
"62","1980-01-01 00:00:00","3","de","1530293794","Männlich","23","Nein","Ja","Nein","stimme voll und ganz zu","stimme überhaupt nicht zu","stimme eher nicht zu","stimme voll und ganz zu","stimme voll und ganz zu","stimme voll und ganz zu","stimme überhaupt nicht zu","stimme voll und ganz zu","stimme eher zu","stimme überhaupt nicht zu","stimme eher nicht zu","stimme überhaupt nicht zu","stimme überhaupt nicht zu","stimme voll und ganz zu","stimme eher zu","stimme voll und ganz zu","stimme voll und ganz zu","stimme überhaupt nicht zu","stimme voll und ganz zu","stimme überhaupt nicht zu","teils, teils","stimme überhaupt nicht zu","stimme überhaupt nicht zu","stimme voll und ganz zu","Trifft fast immer zu","Trifft gar nicht zu","Trifft manchmal zu","Trifft gar nicht zu","Trifft manchmal zu","Trifft gar nicht zu","Trifft gar nicht zu","Trifft oft zu","Trifft manchmal zu","Trifft oft zu","Trifft manchmal zu","Trifft gar nicht zu","Trifft gar nicht zu","Trifft gar nicht zu"
"63","1980-01-01 00:00:00","3","de","1642070046","Weiblich","20","Ja","Ja","Ja","stimme eher nicht zu","teils, teils","stimme eher zu","stimme eher zu","stimme eher zu","teils, teils","stimme eher zu","teils, teils","stimme eher zu","stimme eher nicht zu","teils, teils","stimme eher nicht zu","stimme eher zu","stimme eher zu","stimme eher nicht zu","stimme eher zu","stimme voll und ganz zu","stimme überhaupt nicht zu","stimme eher nicht zu","stimme eher nicht zu","teils, teils","stimme eher nicht zu","stimme eher nicht zu","stimme eher zu","Trifft gar nicht zu","Trifft gar nicht zu","Trifft manchmal zu","Trifft manchmal zu","Trifft gar nicht zu","Trifft gar nicht zu","Trifft manchmal zu","Trifft gar nicht zu","Trifft manchmal zu","Trifft gar nicht zu","Trifft gar nicht zu","Trifft manchmal zu","Trifft manchmal zu","Trifft manchmal zu"
"64","1980-01-01 00:00:00","3","de","1640173885","Weiblich","23","Ja","Nein","Nein","stimme überhaupt nicht zu","stimme eher nicht zu","stimme überhaupt nicht zu","stimme eher zu","teils, teils","stimme eher zu","stimme eher zu","stimme eher zu","stimme eher nicht zu","stimme eher nicht zu","stimme eher zu","teils, teils","stimme voll und ganz zu","stimme eher zu","stimme eher zu","stimme voll und ganz zu","stimme eher zu","stimme überhaupt nicht zu","stimme überhaupt nicht zu","stimme überhaupt nicht zu","teils, teils","stimme überhaupt nicht zu","stimme eher zu","teils, teils","Trifft fast immer zu","Trifft manchmal zu","Trifft manchmal zu","Trifft oft zu","Trifft oft zu","Trifft manchmal zu","Trifft oft zu","Trifft oft zu","Trifft oft zu","Trifft oft zu","Trifft gar nicht zu","Trifft manchmal zu","Trifft fast immer zu","Trifft gar nicht zu"
"65","1980-01-01 00:00:00","3","de","1540676186","Weiblich","22","Ja","Ja","Ja","stimme eher nicht zu","stimme überhaupt nicht zu","stimme eher zu","stimme voll und ganz zu","stimme eher zu","teils, teils","stimme eher zu","stimme voll und ganz zu","stimme voll und ganz zu","stimme eher nicht zu","stimme eher nicht zu","stimme eher nicht zu","stimme eher zu","stimme voll und ganz zu","teils, teils","teils, teils","stimme voll und ganz zu","stimme eher nicht zu","stimme eher nicht zu","stimme eher nicht zu","stimme eher zu","stimme eher nicht zu","stimme eher nicht zu","teils, teils","Trifft gar nicht zu","Trifft gar nicht zu","Trifft oft zu","Trifft gar nicht zu","Trifft gar nicht zu","Trifft gar nicht zu","Trifft gar nicht zu","Trifft manchmal zu","Trifft gar nicht zu","Trifft manchmal zu","Trifft gar nicht zu","Trifft gar nicht zu","Trifft gar nicht zu","Trifft gar nicht zu"
"66","1980-01-01 00:00:00","3","de","484920841","Weiblich","57","Nein","Nein","Nein","teils, teils","stimme eher nicht zu","stimme überhaupt nicht zu","stimme voll und ganz zu","teils, teils","stimme voll und ganz zu","teils, teils","stimme eher zu","teils, teils","stimme eher zu","teils, teils","stimme eher nicht zu","stimme eher zu","stimme eher zu","stimme voll und ganz zu","stimme voll und ganz zu","stimme voll und ganz zu","stimme eher nicht zu","stimme eher nicht zu","stimme eher nicht zu","teils, teils","stimme überhaupt nicht zu","stimme überhaupt nicht zu","stimme voll und ganz zu","Trifft oft zu","Trifft manchmal zu","Trifft manchmal zu","Trifft oft zu","Trifft oft zu","Trifft gar nicht zu","Trifft manchmal zu","Trifft oft zu","Trifft manchmal zu","Trifft gar nicht zu","Trifft manchmal zu","Trifft gar nicht zu","Trifft gar nicht zu","Trifft gar nicht zu"
"67","1980-01-01 00:00:00","3","de","75381415","Weiblich","22","Nein","Ja","Nein","teils, teils","stimme eher nicht zu","teils, teils","stimme eher zu","stimme eher zu","stimme eher zu","stimme eher zu","stimme voll und ganz zu","teils, teils","teils, teils","stimme überhaupt nicht zu","stimme eher nicht zu","stimme eher zu","stimme eher zu","teils, teils","stimme voll und ganz zu","stimme eher zu","stimme eher nicht zu","stimme eher nicht zu","teils, teils","teils, teils","stimme eher nicht zu","stimme überhaupt nicht zu","stimme eher zu","Trifft gar nicht zu","Trifft gar nicht zu","Trifft manchmal zu","Trifft gar nicht zu","Trifft manchmal zu","Trifft gar nicht zu","Trifft gar nicht zu","Trifft manchmal zu","Trifft manchmal zu","Trifft manchmal zu","Trifft gar nicht zu","Trifft gar nicht zu","Trifft manchmal zu","Trifft gar nicht zu"
"68","1980-01-01 00:00:00","3","de","301516762","Männlich","23","Nein","Ja","Nein","stimme eher zu","stimme eher nicht zu","teils, teils","stimme eher zu","stimme voll und ganz zu","stimme eher zu","stimme voll und ganz zu","stimme voll und ganz zu","stimme eher nicht zu","stimme überhaupt nicht zu","stimme eher zu","stimme eher nicht zu","stimme voll und ganz zu","stimme eher zu","stimme eher zu","stimme eher zu","stimme eher zu","stimme eher nicht zu","stimme überhaupt nicht zu","stimme eher zu","stimme voll und ganz zu","stimme eher nicht zu","stimme überhaupt nicht zu","teils, teils","Trifft oft zu","Trifft gar nicht zu","Trifft manchmal zu","Trifft manchmal zu","Trifft gar nicht zu","Trifft gar nicht zu","Trifft gar nicht zu","Trifft gar nicht zu","Trifft manchmal zu","Trifft gar nicht zu","Trifft gar nicht zu","Trifft gar nicht zu","Trifft gar nicht zu","Trifft gar nicht zu"
"69",,"1","de","1034696883","Männlich","28","Nein","Ja","Nein","","","","","","","","","","","","","","","","","","","","","","","","","","","","","","","","","","","","","",""
"70","1980-01-01 00:00:00","3","de","1258131957","Männlich","22","Nein","Nein","Nein","stimme eher nicht zu","teils, teils","stimme eher nicht zu","stimme voll und ganz zu","stimme voll und ganz zu","stimme voll und ganz zu","stimme voll und ganz zu","stimme voll und ganz zu","teils, teils","stimme eher nicht zu","stimme eher nicht zu","stimme überhaupt nicht zu","stimme voll und ganz zu","stimme voll und ganz zu","stimme voll und ganz zu","stimme voll und ganz zu","stimme voll und ganz zu","stimme eher nicht zu","stimme eher nicht zu","stimme überhaupt nicht zu","stimme voll und ganz zu","stimme überhaupt nicht zu","teils, teils","stimme voll und ganz zu","Trifft manchmal zu","Trifft manchmal zu","Trifft manchmal zu","Trifft oft zu","Trifft manchmal zu","Trifft manchmal zu","Trifft manchmal zu","Trifft fast immer zu","Trifft oft zu","Trifft oft zu","Trifft oft zu","Trifft oft zu","Trifft oft zu","Trifft gar nicht zu"
"71","1980-01-01 00:00:00","3","de","1707028029","Weiblich","64","Nein","Ja","Nein","teils, teils","stimme überhaupt nicht zu","teils, teils","stimme eher zu","stimme eher zu","teils, teils","teils, teils","stimme voll und ganz zu","stimme eher zu","stimme eher nicht zu","teils, teils","teils, teils","stimme eher zu","stimme voll und ganz zu","stimme eher nicht zu","stimme eher zu","stimme eher zu","stimme eher nicht zu","stimme überhaupt nicht zu","stimme eher nicht zu","teils, teils","stimme eher nicht zu","stimme eher nicht zu","teils, teils","Trifft gar nicht zu","Trifft gar nicht zu","Trifft manchmal zu","Trifft manchmal zu","Trifft manchmal zu","Trifft gar nicht zu","Trifft manchmal zu","Trifft gar nicht zu","Trifft manchmal zu","Trifft manchmal zu","Trifft gar nicht zu","Trifft gar nicht zu","Trifft manchmal zu","Trifft gar nicht zu"
"72",,"1","de","1349233375","Männlich","20","Nein","Ja","Nein","","","","","","","","","","","","","","","","","","","","","","","","","","","","","","","","","","","","","",""
"73","1980-01-01 00:00:00","3","de","326489727","Weiblich","23","Nein","Nein","Nein","stimme eher zu","stimme eher zu","stimme überhaupt nicht zu","stimme eher zu","stimme eher zu","teils, teils","teils, teils","stimme eher zu","stimme eher nicht zu","stimme eher nicht zu","stimme eher nicht zu","stimme eher nicht zu","stimme eher zu","teils, teils","stimme eher zu","stimme voll und ganz zu","stimme eher zu","stimme eher nicht zu","stimme eher zu","teils, teils","stimme eher zu","stimme überhaupt nicht zu","stimme eher nicht zu","teils, teils","Trifft oft zu","Trifft gar nicht zu","Trifft manchmal zu","Trifft gar nicht zu","Trifft manchmal zu","Trifft gar nicht zu","Trifft oft zu","Trifft oft zu","Trifft manchmal zu","Trifft manchmal zu","Trifft gar nicht zu","Trifft gar nicht zu","Trifft gar nicht zu","Trifft gar nicht zu"
"74","1980-01-01 00:00:00","3","de","626650250","Weiblich","20","Nein","Ja","Nein","stimme eher zu","stimme eher nicht zu","stimme eher zu","stimme eher zu","stimme eher nicht zu","stimme eher zu","stimme eher zu","stimme eher zu","teils, teils","stimme überhaupt nicht zu","teils, teils","stimme eher nicht zu","stimme eher zu","stimme voll und ganz zu","teils, teils","stimme voll und ganz zu","teils, teils","stimme eher nicht zu","teils, teils","stimme eher nicht zu","stimme eher zu","stimme eher nicht zu","teils, teils","stimme eher zu","Trifft oft zu","Trifft gar nicht zu","Trifft manchmal zu","Trifft manchmal zu","Trifft manchmal zu","Trifft gar nicht zu","Trifft manchmal zu","Trifft manchmal zu","Trifft manchmal zu","Trifft gar nicht zu","Trifft gar nicht zu","Trifft manchmal zu","Trifft manchmal zu","Trifft gar nicht zu"
"75","1980-01-01 00:00:00","3","de","2108600672","Weiblich","60","Nein","Ja","Nein","stimme eher nicht zu","stimme eher nicht zu","stimme eher zu","stimme voll und ganz zu","stimme eher zu","stimme voll und ganz zu","stimme eher zu","stimme eher zu","teils, teils","stimme eher zu","teils, teils","stimme überhaupt nicht zu","stimme eher zu","stimme eher zu","teils, teils","stimme eher zu","stimme voll und ganz zu","stimme eher nicht zu","stimme überhaupt nicht zu","stimme eher nicht zu","stimme eher zu","stimme eher nicht zu","stimme überhaupt nicht zu","stimme eher zu","Trifft gar nicht zu","Trifft gar nicht zu","Trifft manchmal zu","Trifft manchmal zu","Trifft manchmal zu","Trifft gar nicht zu","Trifft gar nicht zu","Trifft gar nicht zu","Trifft gar nicht zu","Trifft gar nicht zu","Trifft gar nicht zu","Trifft gar nicht zu","Trifft gar nicht zu","Trifft gar nicht zu"
"76","1980-01-01 00:00:00","3","de","176129352","Weiblich","24","Nein","Ja","Nein","stimme eher nicht zu","stimme überhaupt nicht zu","stimme eher nicht zu","teils, teils","stimme eher zu","teils, teils","stimme eher zu","stimme voll und ganz zu","teils, teils","stimme überhaupt nicht zu","teils, teils","stimme eher nicht zu","stimme eher zu","stimme voll und ganz zu","teils, teils","stimme eher zu","stimme voll und ganz zu","stimme eher nicht zu","stimme eher nicht zu","stimme eher nicht zu","teils, teils","stimme eher nicht zu","stimme eher nicht zu","teils, teils","Trifft manchmal zu","Trifft gar nicht zu","Trifft manchmal zu","Trifft manchmal zu","Trifft manchmal zu","Trifft gar nicht zu","Trifft manchmal zu","Trifft manchmal zu","Trifft manchmal zu","Trifft gar nicht zu","Trifft gar nicht zu","Trifft manchmal zu","Trifft manchmal zu","Trifft gar nicht zu"
"77","1980-01-01 00:00:00","3","de","531540126","Weiblich","19","Nein","Ja","Nein","stimme eher nicht zu","stimme eher nicht zu","teils, teils","stimme voll und ganz zu","stimme eher zu","stimme eher zu","stimme eher zu","teils, teils","teils, teils","teils, teils","teils, teils","stimme voll und ganz zu","stimme voll und ganz zu","teils, teils","stimme eher zu","stimme voll und ganz zu","stimme voll und ganz zu","stimme überhaupt nicht zu","stimme überhaupt nicht zu","stimme eher zu","stimme voll und ganz zu","stimme eher nicht zu","teils, teils","stimme eher zu","Trifft oft zu","Trifft manchmal zu","Trifft manchmal zu","Trifft oft zu","Trifft oft zu","Trifft oft zu","Trifft manchmal zu","Trifft fast immer zu","Trifft oft zu","Trifft gar nicht zu","Trifft oft zu","Trifft fast immer zu","Trifft oft zu","Trifft oft zu"
"78","1980-01-01 00:00:00","3","de","1395031501","Weiblich","54","Nein","Ja","Nein","teils, teils","stimme eher nicht zu","teils, teils","teils, teils","stimme eher zu","stimme eher zu","teils, teils","teils, teils","stimme eher zu","stimme voll und ganz zu","stimme eher nicht zu","stimme eher zu","stimme eher zu","teils, teils","teils, teils","teils, teils","stimme voll und ganz zu","stimme überhaupt nicht zu","stimme überhaupt nicht zu","teils, teils","stimme eher zu","stimme eher zu","stimme überhaupt nicht zu","stimme eher zu","Trifft manchmal zu","Trifft gar nicht zu","Trifft manchmal zu","Trifft gar nicht zu","Trifft manchmal zu","Trifft gar nicht zu","Trifft manchmal zu","Trifft manchmal zu","Trifft gar nicht zu","Trifft gar nicht zu","Trifft manchmal zu","Trifft gar nicht zu","Trifft manchmal zu","Trifft gar nicht zu"
"79","1980-01-01 00:00:00","3","de","56559783","Weiblich","23","Nein","Ja","Nein","teils, teils","stimme eher nicht zu","teils, teils","stimme eher zu","teils, teils","teils, teils","stimme eher zu","stimme eher zu","teils, teils","teils, teils","stimme eher nicht zu","teils, teils","teils, teils","stimme eher zu","stimme eher zu","stimme voll und ganz zu","stimme eher zu","teils, teils","stimme eher nicht zu","stimme eher nicht zu","stimme eher zu","stimme eher nicht zu","teils, teils","stimme eher zu","Trifft gar nicht zu","Trifft gar nicht zu","Trifft manchmal zu","Trifft gar nicht zu","Trifft gar nicht zu","Trifft gar nicht zu","Trifft manchmal zu","Trifft gar nicht zu","Trifft gar nicht zu","Trifft gar nicht zu","Trifft gar nicht zu","Trifft manchmal zu","Trifft gar nicht zu","Trifft gar nicht zu"
"80","1980-01-01 00:00:00","3","de","1962811690","Männlich","24","Nein","Nein","Nein","teils, teils","stimme eher zu","stimme eher zu","teils, teils","stimme eher nicht zu","teils, teils","teils, teils","stimme eher nicht zu","stimme voll und ganz zu","stimme eher nicht zu","stimme eher zu","stimme eher nicht zu","stimme eher zu","stimme voll und ganz zu","teils, teils","teils, teils","stimme voll und ganz zu","teils, teils","stimme eher nicht zu","stimme eher nicht zu","teils, teils","stimme eher zu","stimme voll und ganz zu","stimme eher zu","Trifft oft zu","Trifft manchmal zu","Trifft manchmal zu","Trifft oft zu","Trifft manchmal zu","Trifft gar nicht zu","Trifft oft zu","Trifft fast immer zu","Trifft manchmal zu","Trifft oft zu","Trifft gar nicht zu","Trifft gar nicht zu","Trifft manchmal zu","Trifft gar nicht zu"
"81",,,"de","1396062248",,,"N/A","N/A","N/A","","","","","","","","","","","","","","","","","","","","","","","","","","","","","","","","","","","","","",""
"82","1980-01-01 00:00:00","3","de","1744069481","Weiblich","23","Nein","Nein","Nein","teils, teils","stimme eher nicht zu","stimme eher nicht zu","stimme eher zu","stimme eher zu","teils, teils","stimme eher zu","stimme voll und ganz zu","stimme voll und ganz zu","stimme eher nicht zu","stimme eher nicht zu","stimme eher nicht zu","stimme voll und ganz zu","stimme voll und ganz zu","stimme eher nicht zu","stimme eher nicht zu","stimme voll und ganz zu","stimme eher nicht zu","stimme eher nicht zu","stimme überhaupt nicht zu","stimme eher nicht zu","stimme eher nicht zu","stimme eher nicht zu","stimme eher nicht zu","Trifft gar nicht zu","Trifft gar nicht zu","Trifft manchmal zu","Trifft gar nicht zu","Trifft manchmal zu","Trifft gar nicht zu","Trifft gar nicht zu","Trifft gar nicht zu","Trifft oft zu","Trifft oft zu","Trifft gar nicht zu","Trifft gar nicht zu","Trifft manchmal zu","Trifft gar nicht zu"
"83","1980-01-01 00:00:00","3","de","1732477002","Weiblich","24","Nein","Ja","Nein","teils, teils","stimme eher nicht zu","stimme eher zu","stimme eher zu","stimme eher nicht zu","teils, teils","teils, teils","stimme eher zu","stimme voll und ganz zu","stimme eher nicht zu","teils, teils","stimme eher nicht zu","stimme eher zu","stimme voll und ganz zu","stimme eher zu","stimme eher zu","stimme voll und ganz zu","teils, teils","stimme eher zu","teils, teils","teils, teils","stimme eher nicht zu","stimme überhaupt nicht zu","stimme eher zu","Trifft manchmal zu","Trifft gar nicht zu","Trifft manchmal zu","Trifft manchmal zu","Trifft oft zu","Trifft gar nicht zu","Trifft oft zu","Trifft oft zu","Trifft gar nicht zu","Trifft manchmal zu","Trifft gar nicht zu","Trifft manchmal zu","Trifft oft zu","Trifft gar nicht zu"
"84","1980-01-01 00:00:00","3","de","2101680521","Weiblich","23","Nein","Ja","Nein","stimme überhaupt nicht zu","stimme überhaupt nicht zu","stimme eher nicht zu","teils, teils","stimme eher zu","stimme eher nicht zu","stimme voll und ganz zu","stimme voll und ganz zu","teils, teils","stimme eher nicht zu","stimme eher nicht zu","stimme eher zu","stimme voll und ganz zu","stimme voll und ganz zu","stimme eher nicht zu","teils, teils","stimme eher zu","stimme eher nicht zu","stimme überhaupt nicht zu","stimme eher nicht zu","teils, teils","stimme eher nicht zu","stimme eher nicht zu","stimme eher nicht zu","Trifft manchmal zu","Trifft gar nicht zu","Trifft oft zu","Trifft manchmal zu","Trifft manchmal zu","Trifft gar nicht zu","Trifft gar nicht zu","Trifft oft zu","Trifft manchmal zu","Trifft gar nicht zu","Trifft gar nicht zu","Trifft gar nicht zu","Trifft manchmal zu","Trifft gar nicht zu"
"85","1980-01-01 00:00:00","3","de","965399264","Weiblich","25","Nein","Ja","Nein","stimme eher nicht zu","teils, teils","stimme eher nicht zu","stimme eher zu","stimme eher zu","stimme eher zu","stimme eher zu","teils, teils","teils, teils","teils, teils","stimme eher nicht zu","stimme eher nicht zu","stimme eher zu","stimme eher zu","stimme eher zu","teils, teils","stimme voll und ganz zu","stimme eher nicht zu","stimme eher nicht zu","teils, teils","teils, teils","teils, teils","stimme überhaupt nicht zu","stimme eher zu","Trifft manchmal zu","Trifft gar nicht zu","Trifft manchmal zu","Trifft manchmal zu","Trifft manchmal zu","Trifft gar nicht zu","Trifft manchmal zu","Trifft manchmal zu","Trifft gar nicht zu","Trifft gar nicht zu","Trifft gar nicht zu","Trifft gar nicht zu","Trifft manchmal zu","Trifft gar nicht zu"
"86","1980-01-01 00:00:00","3","de","1627164443","Männlich","24","Nein","Nein","N/A","stimme voll und ganz zu","stimme eher zu","stimme eher zu","teils, teils","stimme eher nicht zu","stimme eher nicht zu","teils, teils","teils, teils","stimme voll und ganz zu","stimme eher nicht zu","teils, teils","teils, teils","stimme eher zu","teils, teils","stimme eher zu","teils, teils","stimme eher zu","stimme eher zu","stimme eher zu","stimme eher zu","teils, teils","stimme eher nicht zu","stimme eher nicht zu","stimme eher nicht zu","Trifft gar nicht zu","Trifft gar nicht zu","Trifft manchmal zu","Trifft manchmal zu","Trifft manchmal zu","Trifft manchmal zu","Trifft gar nicht zu","Trifft oft zu","Trifft gar nicht zu","Trifft gar nicht zu","Trifft oft zu","Trifft gar nicht zu","Trifft manchmal zu","Trifft gar nicht zu"
"87","1980-01-01 00:00:00","3","de","685354508","Weiblich","30","Nein","Ja","Nein","stimme eher nicht zu","teils, teils","stimme eher nicht zu","stimme eher zu","stimme eher nicht zu","stimme voll und ganz zu","teils, teils","stimme eher zu","stimme eher zu","stimme eher nicht zu","teils, teils","stimme eher nicht zu","stimme eher zu","stimme eher zu","stimme eher nicht zu","stimme eher zu","stimme eher zu","stimme überhaupt nicht zu","stimme eher nicht zu","stimme überhaupt nicht zu","stimme eher nicht zu","stimme eher nicht zu","teils, teils","stimme eher zu","Trifft manchmal zu","Trifft manchmal zu","Trifft oft zu","Trifft manchmal zu","Trifft oft zu","Trifft manchmal zu","Trifft manchmal zu","Trifft oft zu","Trifft oft zu","Trifft oft zu","Trifft manchmal zu","Trifft manchmal zu","Trifft manchmal zu","Trifft manchmal zu"
"88","1980-01-01 00:00:00","3","de","1449914171","Weiblich","24","Nein","Ja","Nein","stimme überhaupt nicht zu","teils, teils","teils, teils","stimme eher nicht zu","teils, teils","stimme eher zu","stimme voll und ganz zu","stimme eher nicht zu","stimme voll und ganz zu","stimme voll und ganz zu","stimme eher zu","stimme eher zu","stimme voll und ganz zu","stimme eher nicht zu","stimme eher nicht zu","stimme eher nicht zu","teils, teils","stimme eher zu","stimme eher nicht zu","stimme eher zu","stimme überhaupt nicht zu","stimme voll und ganz zu","teils, teils","stimme eher nicht zu","Trifft gar nicht zu","Trifft gar nicht zu","Trifft oft zu","Trifft gar nicht zu","Trifft manchmal zu","Trifft gar nicht zu","Trifft gar nicht zu","Trifft manchmal zu","Trifft gar nicht zu","Trifft gar nicht zu","Trifft manchmal zu","Trifft gar nicht zu","Trifft gar nicht zu","Trifft gar nicht zu"
"89","1980-01-01 00:00:00","3","de","585461276","Weiblich","2002","Nein","Ja","Nein","stimme eher zu","stimme überhaupt nicht zu","stimme eher zu","stimme eher zu","teils, teils","stimme eher zu","stimme eher nicht zu","stimme voll und ganz zu","stimme eher zu","teils, teils","stimme voll und ganz zu","stimme eher nicht zu","stimme eher zu","stimme voll und ganz zu","stimme eher nicht zu","stimme voll und ganz zu","stimme voll und ganz zu","stimme eher nicht zu","stimme voll und ganz zu","stimme überhaupt nicht zu","teils, teils","stimme eher nicht zu","stimme überhaupt nicht zu","stimme eher nicht zu","Trifft manchmal zu","Trifft gar nicht zu","Trifft manchmal zu","Trifft manchmal zu","Trifft oft zu","Trifft gar nicht zu","Trifft manchmal zu","Trifft gar nicht zu","Trifft manchmal zu","Trifft manchmal zu","Trifft gar nicht zu","Trifft gar nicht zu","Trifft gar nicht zu","Trifft gar nicht zu"
"90","1980-01-01 00:00:00","3","de","430752484","Weiblich","24","Ja","Nein","Nein","stimme eher zu","stimme überhaupt nicht zu","teils, teils","stimme eher zu","stimme eher zu","teils, teils","stimme eher nicht zu","stimme voll und ganz zu","stimme eher zu","teils, teils","stimme eher zu","teils, teils","stimme eher zu","stimme voll und ganz zu","stimme eher nicht zu","teils, teils","stimme eher zu","stimme eher nicht zu","stimme eher zu","stimme eher nicht zu","stimme eher nicht zu","teils, teils","stimme eher nicht zu","teils, teils","Trifft manchmal zu","Trifft manchmal zu","Trifft manchmal zu","Trifft manchmal zu","Trifft manchmal zu","Trifft gar nicht zu","Trifft gar nicht zu","Trifft gar nicht zu","Trifft manchmal zu","Trifft gar nicht zu","Trifft manchmal zu","Trifft oft zu","Trifft manchmal zu","Trifft gar nicht zu"
"91",,"2","de","671639160","Männlich","23","Nein","Nein","Nein","stimme eher nicht zu","stimme eher nicht zu","teils, teils","stimme voll und ganz zu","teils, teils","stimme eher zu","stimme voll und ganz zu","stimme voll und ganz zu","stimme eher zu","teils, teils","stimme eher nicht zu","stimme eher nicht zu","stimme voll und ganz zu","stimme voll und ganz zu","stimme eher zu","stimme voll und ganz zu","stimme eher zu","stimme eher nicht zu","stimme überhaupt nicht zu","stimme eher zu","stimme eher zu","stimme eher nicht zu","teils, teils","stimme eher zu","","","","","","","","","","","","","",""
"92",,"2","de","1977263165","Weiblich","24","Nein","Ja","Nein","stimme eher zu","stimme eher zu","teils, teils","stimme eher zu","teils, teils","stimme eher zu","stimme eher zu","teils, teils","teils, teils","stimme überhaupt nicht zu","stimme überhaupt nicht zu","stimme überhaupt nicht zu","stimme eher zu","stimme eher zu","teils, teils","stimme eher zu","stimme eher zu","stimme überhaupt nicht zu","teils, teils","stimme eher zu","teils, teils","stimme eher nicht zu","stimme überhaupt nicht zu","stimme eher zu","","","","","","","","","","","","","",""
"93","1980-01-01 00:00:00","3","de","845512340","Divers","23","Nein","Ja","Nein","teils, teils","stimme überhaupt nicht zu","teils, teils","stimme voll und ganz zu","stimme eher zu","stimme eher zu","teils, teils","stimme voll und ganz zu","teils, teils","stimme überhaupt nicht zu","stimme eher nicht zu","stimme eher nicht zu","teils, teils","stimme voll und ganz zu","teils, teils","stimme voll und ganz zu","stimme voll und ganz zu","stimme überhaupt nicht zu","teils, teils","stimme überhaupt nicht zu","stimme eher zu","stimme überhaupt nicht zu","stimme eher nicht zu","stimme voll und ganz zu","Trifft oft zu","Trifft oft zu","Trifft oft zu","Trifft manchmal zu","Trifft fast immer zu","Trifft oft zu","Trifft oft zu","Trifft fast immer zu","Trifft oft zu","Trifft oft zu","Trifft oft zu","Trifft fast immer zu","Trifft oft zu","Trifft oft zu"
"94","1980-01-01 00:00:00","3","de","681375238","Weiblich","20","Nein","Nein","Nein","teils, teils","stimme eher nicht zu","stimme eher zu","teils, teils","stimme eher zu","stimme eher nicht zu","stimme eher zu","teils, teils","stimme eher nicht zu","stimme eher zu","stimme eher nicht zu","stimme überhaupt nicht zu","stimme eher zu","stimme eher zu","teils, teils","teils, teils","stimme voll und ganz zu","stimme überhaupt nicht zu","teils, teils","stimme eher zu","stimme eher zu","stimme eher nicht zu","stimme eher nicht zu","stimme eher nicht zu","Trifft manchmal zu","Trifft gar nicht zu","Trifft gar nicht zu","Trifft manchmal zu","Trifft manchmal zu","Trifft gar nicht zu","Trifft manchmal zu","Trifft gar nicht zu","Trifft gar nicht zu","Trifft manchmal zu","Trifft manchmal zu","Trifft gar nicht zu","Trifft manchmal zu","Trifft gar nicht zu"
"95","1980-01-01 00:00:00","3","de","38935405","Weiblich","34","Ja","Ja","Ja","stimme eher nicht zu","teils, teils","stimme eher nicht zu","stimme voll und ganz zu","teils, teils","stimme eher zu","teils, teils","stimme eher zu","teils, teils","stimme überhaupt nicht zu","teils, teils","stimme überhaupt nicht zu","stimme eher zu","teils, teils","teils, teils","stimme voll und ganz zu","stimme eher zu","stimme überhaupt nicht zu","stimme eher nicht zu","stimme eher nicht zu","stimme eher zu","stimme überhaupt nicht zu","stimme eher nicht zu","stimme voll und ganz zu","Trifft gar nicht zu","Trifft gar nicht zu","Trifft gar nicht zu","Trifft manchmal zu","Trifft manchmal zu","Trifft gar nicht zu","Trifft manchmal zu","Trifft manchmal zu","Trifft gar nicht zu","Trifft gar nicht zu","Trifft gar nicht zu","Trifft gar nicht zu","Trifft manchmal zu","Trifft gar nicht zu"
"96","1980-01-01 00:00:00","3","de","1034079513","Weiblich","22","Ja","Nein","Ja","teils, teils","stimme eher nicht zu","stimme eher nicht zu","stimme voll und ganz zu","stimme eher zu","stimme voll und ganz zu","stimme eher zu","stimme eher zu","stimme überhaupt nicht zu","teils, teils","stimme überhaupt nicht zu","stimme überhaupt nicht zu","stimme eher zu","stimme eher zu","stimme eher zu","stimme voll und ganz zu","stimme voll und ganz zu","stimme überhaupt nicht zu","teils, teils","stimme eher nicht zu","stimme voll und ganz zu","stimme eher nicht zu","stimme eher nicht zu","stimme voll und ganz zu","Trifft manchmal zu","Trifft gar nicht zu","Trifft gar nicht zu","Trifft gar nicht zu","Trifft manchmal zu","Trifft gar nicht zu","Trifft gar nicht zu","Trifft manchmal zu","Trifft gar nicht zu","Trifft manchmal zu","Trifft gar nicht zu","Trifft gar nicht zu","Trifft gar nicht zu","Trifft gar nicht zu"
"97","1980-01-01 00:00:00","3","de","1674876209","Weiblich","79","Nein","Nein","Ja","stimme eher nicht zu","stimme überhaupt nicht zu","teils, teils","stimme voll und ganz zu","stimme voll und ganz zu","teils, teils","teils, teils","stimme voll und ganz zu","stimme eher zu","stimme eher nicht zu","stimme eher nicht zu","stimme eher nicht zu","teils, teils","stimme voll und ganz zu","stimme eher zu","stimme eher zu","stimme voll und ganz zu","stimme eher nicht zu","stimme überhaupt nicht zu","stimme überhaupt nicht zu","stimme eher zu","teils, teils","stimme überhaupt nicht zu","teils, teils","Trifft manchmal zu","Trifft gar nicht zu","Trifft manchmal zu","Trifft manchmal zu","Trifft manchmal zu","Trifft gar nicht zu","Trifft manchmal zu","Trifft gar nicht zu","Trifft manchmal zu","Trifft gar nicht zu","Trifft gar nicht zu","Trifft manchmal zu","Trifft manchmal zu","Trifft gar nicht zu"
"98","1980-01-01 00:00:00","3","de","861795827","Männlich","24","Nein","Nein","Ja","stimme überhaupt nicht zu","stimme eher zu","teils, teils","stimme eher zu","teils, teils","stimme eher nicht zu","stimme eher zu","teils, teils","teils, teils","stimme eher nicht zu","teils, teils","stimme eher nicht zu","stimme eher zu","teils, teils","teils, teils","stimme eher zu","stimme voll und ganz zu","stimme eher nicht zu","stimme eher nicht zu","teils, teils","stimme eher zu","stimme eher nicht zu","stimme eher zu","teils, teils","Trifft gar nicht zu","Trifft gar nicht zu","Trifft gar nicht zu","Trifft manchmal zu","Trifft gar nicht zu","Trifft gar nicht zu","Trifft manchmal zu","Trifft manchmal zu","Trifft gar nicht zu","Trifft manchmal zu","Trifft gar nicht zu","Trifft gar nicht zu","Trifft gar nicht zu","Trifft gar nicht zu"
"99","1980-01-01 00:00:00","3","de","359401743","Weiblich","27","Ja","Ja","Nein","teils, teils","stimme eher nicht zu","teils, teils","stimme eher zu","teils, teils","teils, teils","teils, teils","stimme voll und ganz zu","stimme eher zu","stimme eher nicht zu","teils, teils","teils, teils","stimme eher zu","stimme eher zu","teils, teils","stimme eher zu","stimme eher zu","stimme eher nicht zu","stimme eher nicht zu","stimme eher nicht zu","teils, teils","stimme eher nicht zu","teils, teils","teils, teils","Trifft manchmal zu","Trifft manchmal zu","Trifft manchmal zu","Trifft manchmal zu","Trifft oft zu","Trifft oft zu","Trifft manchmal zu","Trifft oft zu","Trifft oft zu","Trifft oft zu","Trifft manchmal zu","Trifft fast immer zu","Trifft oft zu","Trifft oft zu"
"100",,"2","de","1621301078","Weiblich","22","Ja","Nein","Ja","stimme überhaupt nicht zu","stimme überhaupt nicht zu","stimme eher nicht zu","teils, teils","stimme eher nicht zu","stimme eher zu","stimme eher zu","teils, teils","stimme eher nicht zu","stimme überhaupt nicht zu","stimme eher nicht zu","teils, teils","stimme voll und ganz zu","stimme eher zu","stimme eher zu","stimme voll und ganz zu","stimme voll und ganz zu","stimme eher nicht zu","stimme überhaupt nicht zu","teils, teils","stimme eher zu","stimme eher nicht zu","stimme überhaupt nicht zu","stimme eher nicht zu","","","","","","","","","","","","","",""
"101",,"1","de","337863098","Weiblich","20","Ja","Ja","Ja","","","","","","","","","","","","","","","","","","","","","","","","","","","","","","","","","","","","","",""
"102","1980-01-01 00:00:00","3","de","1302124866","Weiblich","21","Ja","Nein","Ja","stimme eher zu","teils, teils","stimme eher zu","stimme eher zu","teils, teils","stimme eher zu","teils, teils","stimme eher zu","stimme eher zu","teils, teils","teils, teils","stimme eher zu","stimme voll und ganz zu","stimme eher zu","teils, teils","teils, teils","stimme voll und ganz zu","stimme eher zu","stimme eher nicht zu","stimme überhaupt nicht zu","teils, teils","stimme eher nicht zu","teils, teils","teils, teils","Trifft oft zu","Trifft gar nicht zu","Trifft manchmal zu","Trifft manchmal zu","Trifft manchmal zu","Trifft gar nicht zu","Trifft oft zu","Trifft oft zu","Trifft oft zu","Trifft manchmal zu","Trifft manchmal zu","Trifft manchmal zu","Trifft oft zu","Trifft manchmal zu"
"103","1980-01-01 00:00:00","3","de","81049291","Weiblich","20","Ja","Ja","Ja","teils, teils","stimme eher zu","teils, teils","stimme eher zu","stimme eher zu","stimme eher nicht zu","teils, teils","stimme überhaupt nicht zu","stimme eher zu","stimme eher zu","stimme eher zu","teils, teils","stimme eher zu","stimme eher zu","stimme eher nicht zu","stimme eher nicht zu","stimme eher zu","stimme eher zu","stimme eher zu","stimme voll und ganz zu","teils, teils","stimme eher zu","stimme eher zu","stimme eher nicht zu","Trifft manchmal zu","Trifft manchmal zu","Trifft manchmal zu","Trifft oft zu","Trifft oft zu","Trifft oft zu","Trifft oft zu","Trifft manchmal zu","Trifft manchmal zu","Trifft oft zu","Trifft gar nicht zu","Trifft manchmal zu","Trifft manchmal zu","Trifft gar nicht zu"
"104","1980-01-01 00:00:00","3","de","414347197","Männlich","22","Ja","Nein","Nein","teils, teils","stimme überhaupt nicht zu","stimme eher nicht zu","stimme eher zu","stimme eher zu","stimme eher zu","teils, teils","stimme eher zu","stimme eher nicht zu","stimme überhaupt nicht zu","stimme eher nicht zu","stimme eher nicht zu","teils, teils","stimme voll und ganz zu","stimme eher zu","stimme eher zu","stimme eher zu","stimme eher nicht zu","teils, teils","stimme eher nicht zu","stimme eher zu","stimme eher nicht zu","stimme eher nicht zu","stimme eher zu","Trifft manchmal zu","Trifft gar nicht zu","Trifft manchmal zu","Trifft manchmal zu","Trifft gar nicht zu","Trifft gar nicht zu","Trifft manchmal zu","Trifft gar nicht zu","Trifft manchmal zu","Trifft gar nicht zu","Trifft gar nicht zu","Trifft gar nicht zu","Trifft gar nicht zu","Trifft gar nicht zu"
"105","1980-01-01 00:00:00","3","de","1784834114","Weiblich","22","Ja","Ja","Ja","teils, teils","stimme eher zu","teils, teils","stimme eher zu","teils, teils","stimme eher nicht zu","stimme eher zu","stimme eher nicht zu","stimme voll und ganz zu","stimme voll und ganz zu","stimme eher zu","stimme eher nicht zu","stimme eher zu","stimme eher zu","teils, teils","teils, teils","stimme voll und ganz zu","stimme eher nicht zu","stimme eher nicht zu","stimme voll und ganz zu","teils, teils","teils, teils","stimme eher nicht zu","teils, teils","Trifft manchmal zu","Trifft gar nicht zu","Trifft manchmal zu","Trifft manchmal zu","Trifft manchmal zu","Trifft gar nicht zu","Trifft oft zu","Trifft gar nicht zu","Trifft manchmal zu","Trifft gar nicht zu","Trifft gar nicht zu","Trifft gar nicht zu","Trifft oft zu","Trifft gar nicht zu"
"106","1980-01-01 00:00:00","3","de","66163903","Weiblich","24","Nein","Nein","Ja","stimme eher zu","stimme eher nicht zu","teils, teils","stimme eher zu","stimme eher zu","stimme eher zu","teils, teils","stimme eher zu","teils, teils","stimme eher nicht zu","teils, teils","stimme überhaupt nicht zu","teils, teils","stimme eher zu","teils, teils","teils, teils","stimme voll und ganz zu","stimme überhaupt nicht zu","stimme eher zu","stimme eher nicht zu","stimme eher nicht zu","stimme eher nicht zu","stimme überhaupt nicht zu","stimme eher zu","Trifft fast immer zu","Trifft oft zu","Trifft manchmal zu","Trifft oft zu","Trifft oft zu","Trifft oft zu","Trifft oft zu","Trifft oft zu","Trifft oft zu","Trifft oft zu","Trifft oft zu","Trifft oft zu","Trifft oft zu","Trifft gar nicht zu"
"107","1980-01-01 00:00:00","3","de","784643324","Männlich","19","Ja","Nein","Nein","stimme überhaupt nicht zu","teils, teils","stimme überhaupt nicht zu","stimme voll und ganz zu","stimme voll und ganz zu","stimme voll und ganz zu","stimme voll und ganz zu","stimme voll und ganz zu","teils, teils","stimme überhaupt nicht zu","stimme überhaupt nicht zu","stimme überhaupt nicht zu","stimme voll und ganz zu","stimme voll und ganz zu","stimme eher zu","stimme voll und ganz zu","stimme eher zu","stimme überhaupt nicht zu","stimme eher nicht zu","teils, teils","stimme voll und ganz zu","stimme überhaupt nicht zu","stimme überhaupt nicht zu","stimme voll und ganz zu","Trifft fast immer zu","Trifft gar nicht zu","Trifft manchmal zu","Trifft manchmal zu","Trifft manchmal zu","Trifft gar nicht zu","Trifft fast immer zu","Trifft oft zu","Trifft manchmal zu","Trifft manchmal zu","Trifft gar nicht zu","Trifft gar nicht zu","Trifft fast immer zu","Trifft gar nicht zu"
"108","1980-01-01 00:00:00","3","de","1393633388","Weiblich","21","Ja","Nein","Nein","stimme voll und ganz zu","stimme eher nicht zu","stimme voll und ganz zu","stimme voll und ganz zu","teils, teils","stimme eher zu","stimme eher nicht zu","stimme voll und ganz zu","stimme voll und ganz zu","stimme überhaupt nicht zu","stimme eher zu","stimme eher nicht zu","stimme eher zu","stimme eher zu","stimme eher nicht zu","stimme voll und ganz zu","stimme eher zu","stimme überhaupt nicht zu","stimme voll und ganz zu","stimme eher nicht zu","stimme eher nicht zu","stimme überhaupt nicht zu","stimme eher zu","stimme eher zu","Trifft oft zu","Trifft oft zu","Trifft fast immer zu","Trifft fast immer zu","Trifft oft zu","Trifft oft zu","Trifft oft zu","Trifft manchmal zu","Trifft fast immer zu","Trifft gar nicht zu","Trifft manchmal zu","Trifft oft zu","Trifft manchmal zu","Trifft fast immer zu"
"109","1980-01-01 00:00:00","3","de","1216804545","Weiblich","27","Ja","Ja","Nein","stimme eher zu","stimme eher nicht zu","stimme eher zu","teils, teils","stimme voll und ganz zu","stimme eher zu","teils, teils","stimme eher zu","stimme voll und ganz zu","stimme eher nicht zu","stimme eher zu","stimme eher zu","stimme eher zu","stimme eher zu","teils, teils","stimme eher zu","stimme voll und ganz zu","teils, teils","stimme eher zu","stimme eher nicht zu","stimme eher zu","stimme eher zu","stimme eher nicht zu","stimme eher nicht zu","Trifft oft zu","Trifft gar nicht zu","Trifft oft zu","Trifft manchmal zu","Trifft manchmal zu","Trifft manchmal zu","Trifft oft zu","Trifft fast immer zu","Trifft oft zu","Trifft manchmal zu","Trifft manchmal zu","Trifft fast immer zu","Trifft manchmal zu","Trifft manchmal zu"
"110","1980-01-01 00:00:00","3","de","935853928","Männlich","24","Ja","Nein","Ja","teils, teils","stimme voll und ganz zu","teils, teils","stimme eher zu","stimme eher nicht zu","stimme eher zu","teils, teils","stimme eher nicht zu","stimme voll und ganz zu","stimme eher nicht zu","stimme eher zu","teils, teils","stimme eher zu","stimme überhaupt nicht zu","teils, teils","stimme eher zu","teils, teils","stimme überhaupt nicht zu","teils, teils","stimme voll und ganz zu","stimme eher nicht zu","stimme eher nicht zu","stimme überhaupt nicht zu","teils, teils","Trifft manchmal zu","Trifft oft zu","Trifft fast immer zu","Trifft gar nicht zu","Trifft fast immer zu","Trifft fast immer zu","Trifft manchmal zu","Trifft fast immer zu","Trifft oft zu","Trifft gar nicht zu","Trifft oft zu","Trifft oft zu","Trifft oft zu","Trifft fast immer zu"
"111","1980-01-01 00:00:00","3","de","1762709366","Männlich","22","Ja","Ja","Nein","teils, teils","teils, teils","stimme eher nicht zu","teils, teils","stimme eher nicht zu","stimme eher zu","stimme eher zu","teils, teils","stimme eher zu","stimme eher nicht zu","teils, teils","stimme eher nicht zu","stimme eher zu","stimme voll und ganz zu","stimme eher nicht zu","stimme voll und ganz zu","stimme eher zu","teils, teils","stimme eher nicht zu","stimme eher nicht zu","stimme eher zu","stimme überhaupt nicht zu","teils, teils","teils, teils","Trifft gar nicht zu","Trifft gar nicht zu","Trifft manchmal zu","Trifft gar nicht zu","Trifft gar nicht zu","Trifft gar nicht zu","Trifft gar nicht zu","Trifft gar nicht zu","Trifft gar nicht zu","Trifft gar nicht zu","Trifft gar nicht zu","Trifft gar nicht zu","Trifft gar nicht zu","Trifft gar nicht zu"
"112","1980-01-01 00:00:00","3","de","994875695","Weiblich","21","Ja","Ja","Ja","teils, teils","teils, teils","stimme eher zu","stimme eher zu","teils, teils","stimme eher zu","teils, teils","stimme eher zu","stimme eher zu","stimme eher nicht zu","teils, teils","stimme eher nicht zu","stimme eher nicht zu","stimme eher zu","teils, teils","stimme eher zu","stimme eher zu","stimme eher nicht zu","teils, teils","stimme eher nicht zu","teils, teils","stimme eher nicht zu","stimme eher zu","stimme eher zu","Trifft oft zu","Trifft gar nicht zu","Trifft manchmal zu","Trifft oft zu","Trifft manchmal zu","Trifft gar nicht zu","Trifft manchmal zu","Trifft manchmal zu","Trifft manchmal zu","Trifft manchmal zu","Trifft gar nicht zu","Trifft manchmal zu","Trifft manchmal zu","Trifft gar nicht zu"
"113","1980-01-01 00:00:00","3","de","1005541841","Weiblich","20","Ja","Ja","Ja","stimme eher nicht zu","stimme eher nicht zu","teils, teils","stimme eher zu","stimme eher zu","stimme eher zu","stimme eher zu","stimme eher zu","stimme eher nicht zu","stimme eher nicht zu","stimme eher nicht zu","stimme eher nicht zu","stimme eher zu","stimme eher zu","stimme eher zu","stimme eher zu","stimme eher zu","stimme eher nicht zu","stimme eher nicht zu","stimme eher nicht zu","stimme eher zu","stimme eher nicht zu","stimme eher nicht zu","teils, teils","Trifft gar nicht zu","Trifft gar nicht zu","Trifft gar nicht zu","Trifft manchmal zu","Trifft gar nicht zu","Trifft gar nicht zu","Trifft manchmal zu","Trifft manchmal zu","Trifft gar nicht zu","Trifft gar nicht zu","Trifft gar nicht zu","Trifft gar nicht zu","Trifft gar nicht zu","Trifft gar nicht zu"
"114","1980-01-01 00:00:00","3","de","274688358","Männlich","23","Ja","Ja","Nein","stimme eher zu","stimme eher zu","teils, teils","stimme eher zu","stimme eher zu","teils, teils","stimme eher zu","stimme voll und ganz zu","teils, teils","stimme eher zu","stimme eher zu","teils, teils","stimme eher nicht zu","stimme eher zu","stimme eher zu","teils, teils","stimme voll und ganz zu","teils, teils","stimme eher nicht zu","teils, teils","stimme voll und ganz zu","stimme eher nicht zu","teils, teils","stimme eher zu","Trifft gar nicht zu","Trifft gar nicht zu","Trifft manchmal zu","Trifft gar nicht zu","Trifft gar nicht zu","Trifft gar nicht zu","Trifft manchmal zu","Trifft fast immer zu","Trifft manchmal zu","Trifft manchmal zu","Trifft gar nicht zu","Trifft oft zu","Trifft manchmal zu","Trifft gar nicht zu"
"115","1980-01-01 00:00:00","3","de","1765380109","Weiblich","22","Ja","Ja","Ja","teils, teils","stimme eher zu","stimme eher nicht zu","stimme eher zu","stimme eher zu","teils, teils","teils, teils","stimme eher nicht zu","stimme eher zu","stimme eher nicht zu","teils, teils","teils, teils","stimme voll und ganz zu","stimme eher zu","teils, teils","stimme eher zu","stimme eher zu","teils, teils","stimme eher nicht zu","stimme eher zu","teils, teils","stimme eher nicht zu","teils, teils","teils, teils","Trifft gar nicht zu","Trifft gar nicht zu","Trifft manchmal zu","Trifft gar nicht zu","Trifft gar nicht zu","Trifft gar nicht zu","Trifft gar nicht zu","Trifft gar nicht zu","Trifft gar nicht zu","Trifft manchmal zu","Trifft gar nicht zu","Trifft gar nicht zu","Trifft gar nicht zu","Trifft gar nicht zu"
"116","1980-01-01 00:00:00","3","de","110896866","Divers","27","Nein","Nein","Nein","stimme eher nicht zu","stimme überhaupt nicht zu","teils, teils","stimme voll und ganz zu","stimme überhaupt nicht zu","stimme eher zu","teils, teils","stimme voll und ganz zu","stimme voll und ganz zu","stimme überhaupt nicht zu","stimme eher zu","stimme eher zu","stimme eher zu","stimme voll und ganz zu","stimme eher nicht zu","stimme eher zu","stimme eher zu","stimme eher zu","stimme eher nicht zu","stimme eher nicht zu","stimme eher nicht zu","stimme überhaupt nicht zu","stimme eher zu","teils, teils","Trifft manchmal zu","Trifft oft zu","Trifft fast immer zu","Trifft manchmal zu","Trifft oft zu","Trifft manchmal zu","Trifft manchmal zu","Trifft manchmal zu","Trifft manchmal zu","Trifft gar nicht zu","Trifft manchmal zu","Trifft oft zu","Trifft manchmal zu","Trifft oft zu"
"117","1980-01-01 00:00:00","3","de","975894003","Männlich","22","Nein","Nein","Nein","teils, teils","stimme eher zu","teils, teils","stimme eher zu","teils, teils","stimme eher zu","stimme eher zu","stimme eher nicht zu","stimme eher zu","stimme eher nicht zu","stimme voll und ganz zu","stimme eher zu","stimme eher zu","teils, teils","stimme eher zu","stimme voll und ganz zu","stimme eher zu","stimme eher nicht zu","stimme überhaupt nicht zu","teils, teils","stimme eher zu","teils, teils","stimme eher nicht zu","teils, teils","Trifft manchmal zu","Trifft gar nicht zu","Trifft manchmal zu","Trifft manchmal zu","Trifft manchmal zu","Trifft manchmal zu","Trifft manchmal zu","Trifft oft zu","Trifft oft zu","Trifft manchmal zu","Trifft manchmal zu","Trifft gar nicht zu","Trifft oft zu","Trifft manchmal zu"
"118","1980-01-01 00:00:00","3","de","1799815349","Weiblich","22","Nein","Ja","Ja","teils, teils","teils, teils","stimme eher zu","stimme eher zu","stimme eher zu","teils, teils","teils, teils","stimme voll und ganz zu","teils, teils","stimme eher nicht zu","stimme eher nicht zu","stimme eher nicht zu","stimme voll und ganz zu","stimme eher zu","teils, teils","teils, teils","stimme voll und ganz zu","stimme eher nicht zu","stimme eher nicht zu","stimme eher nicht zu","teils, teils","teils, teils","teils, teils","teils, teils","Trifft manchmal zu","Trifft gar nicht zu","Trifft oft zu","Trifft oft zu","Trifft manchmal zu","Trifft manchmal zu","Trifft manchmal zu","Trifft gar nicht zu","Trifft manchmal zu","Trifft manchmal zu","Trifft manchmal zu","Trifft gar nicht zu","Trifft manchmal zu","Trifft manchmal zu"
"119","1980-01-01 00:00:00","3","de","401333568","Weiblich","21","Ja","Nein","Nein","stimme überhaupt nicht zu","stimme eher nicht zu","teils, teils","stimme eher zu","teils, teils","stimme eher zu","stimme voll und ganz zu","stimme eher zu","stimme überhaupt nicht zu","stimme eher nicht zu","stimme eher nicht zu","stimme eher nicht zu","stimme voll und ganz zu","stimme eher zu","stimme voll und ganz zu","stimme eher zu","stimme voll und ganz zu","stimme überhaupt nicht zu","stimme überhaupt nicht zu","stimme überhaupt nicht zu","stimme eher zu","stimme eher nicht zu","stimme eher nicht zu","teils, teils","Trifft manchmal zu","Trifft gar nicht zu","Trifft manchmal zu","Trifft oft zu","Trifft manchmal zu","Trifft gar nicht zu","Trifft oft zu","Trifft gar nicht zu","Trifft gar nicht zu","Trifft manchmal zu","Trifft gar nicht zu","Trifft gar nicht zu","Trifft gar nicht zu","Trifft gar nicht zu"
"120",,"1","de","1185428058","Männlich","24","Nein","Nein","Ja","","","","","","","","","","","","","","","","","","","","","","","","","","","","","","","","","","","","","",""
"121","1980-01-01 00:00:00","3","de","343549943","Weiblich","79","Nein","Nein","Ja","stimme eher nicht zu","stimme überhaupt nicht zu","teils, teils","stimme voll und ganz zu","stimme voll und ganz zu","teils, teils","stimme eher zu","stimme voll und ganz zu","stimme voll und ganz zu","teils, teils","teils, teils","stimme eher nicht zu","stimme eher zu","stimme voll und ganz zu","stimme eher zu","stimme voll und ganz zu","stimme voll und ganz zu","stimme eher nicht zu","stimme überhaupt nicht zu","stimme überhaupt nicht zu","stimme eher zu","stimme eher nicht zu","stimme überhaupt nicht zu","teils, teils","Trifft manchmal zu","Trifft gar nicht zu","Trifft manchmal zu","Trifft manchmal zu","Trifft manchmal zu","Trifft gar nicht zu","Trifft manchmal zu","Trifft gar nicht zu","Trifft gar nicht zu","Trifft gar nicht zu","Trifft gar nicht zu","Trifft manchmal zu","Trifft manchmal zu","Trifft gar nicht zu"
"122","1980-01-01 00:00:00","3","de","374214915","Weiblich","46","Nein","Ja","Ja","teils, teils","stimme überhaupt nicht zu","stimme überhaupt nicht zu","stimme voll und ganz zu","stimme voll und ganz zu","stimme voll und ganz zu","teils, teils","stimme voll und ganz zu","stimme eher zu","stimme überhaupt nicht zu","teils, teils","stimme überhaupt nicht zu","stimme eher zu","stimme voll und ganz zu","stimme eher zu","stimme voll und ganz zu","stimme voll und ganz zu","stimme überhaupt nicht zu","teils, teils","stimme überhaupt nicht zu","stimme eher zu","stimme überhaupt nicht zu","stimme eher nicht zu","stimme voll und ganz zu","Trifft gar nicht zu","Trifft gar nicht zu","Trifft gar nicht zu","Trifft manchmal zu","Trifft gar nicht zu","Trifft gar nicht zu","Trifft manchmal zu","Trifft gar nicht zu","Trifft manchmal zu","Trifft gar nicht zu","Trifft gar nicht zu","Trifft gar nicht zu","Trifft gar nicht zu","Trifft gar nicht zu"
"123","1980-01-01 00:00:00","3","de","1849372319","Weiblich","18","Ja","Nein","Ja","teils, teils","stimme eher nicht zu","stimme eher zu","stimme voll und ganz zu","stimme eher zu","stimme voll und ganz zu","stimme eher zu","stimme voll und ganz zu","stimme eher zu","stimme überhaupt nicht zu","stimme eher nicht zu","stimme überhaupt nicht zu","teils, teils","stimme voll und ganz zu","stimme eher nicht zu","stimme eher zu","stimme voll und ganz zu","stimme überhaupt nicht zu","stimme eher zu","stimme eher nicht zu","stimme eher nicht zu","stimme überhaupt nicht zu","stimme überhaupt nicht zu","teils, teils","Trifft gar nicht zu","Trifft gar nicht zu","Trifft oft zu","Trifft manchmal zu","Trifft manchmal zu","Trifft gar nicht zu","Trifft manchmal zu","Trifft gar nicht zu","Trifft gar nicht zu","Trifft manchmal zu","Trifft gar nicht zu","Trifft gar nicht zu","Trifft manchmal zu","Trifft gar nicht zu"
"124","1980-01-01 00:00:00","3","de","168820927","Weiblich","47","Nein","Ja","Ja","stimme eher zu","stimme überhaupt nicht zu","stimme eher nicht zu","stimme voll und ganz zu","stimme voll und ganz zu","stimme voll und ganz zu","stimme eher zu","stimme voll und ganz zu","teils, teils","stimme überhaupt nicht zu","stimme eher nicht zu","stimme überhaupt nicht zu","teils, teils","stimme voll und ganz zu","stimme voll und ganz zu","stimme voll und ganz zu","stimme voll und ganz zu","stimme überhaupt nicht zu","stimme eher zu","stimme überhaupt nicht zu","stimme voll und ganz zu","stimme überhaupt nicht zu","stimme eher nicht zu","stimme voll und ganz zu","Trifft manchmal zu","Trifft gar nicht zu","Trifft manchmal zu","Trifft gar nicht zu","Trifft manchmal zu","Trifft gar nicht zu","Trifft gar nicht zu","Trifft gar nicht zu","Trifft manchmal zu","Trifft gar nicht zu","Trifft gar nicht zu","Trifft gar nicht zu","Trifft manchmal zu","Trifft gar nicht zu"
"125","1980-01-01 00:00:00","3","de","1552958141","Weiblich","40","Ja","Ja","Ja","stimme eher nicht zu","stimme überhaupt nicht zu","stimme eher nicht zu","teils, teils","teils, teils","teils, teils","stimme eher zu","teils, teils","teils, teils","stimme voll und ganz zu","stimme eher zu","teils, teils","stimme eher zu","teils, teils","teils, teils","stimme eher zu","stimme eher zu","teils, teils","stimme eher nicht zu","teils, teils","stimme eher zu","teils, teils","stimme eher nicht zu","teils, teils","Trifft gar nicht zu","Trifft gar nicht zu","Trifft gar nicht zu","Trifft gar nicht zu","Trifft manchmal zu","Trifft gar nicht zu","Trifft gar nicht zu","Trifft gar nicht zu","Trifft gar nicht zu","Trifft gar nicht zu","Trifft gar nicht zu","Trifft gar nicht zu","Trifft gar nicht zu","Trifft gar nicht zu"
"126","1980-01-01 00:00:00","3","de","394667421","Weiblich","22","Ja","Nein","Nein","teils, teils","stimme überhaupt nicht zu","teils, teils","stimme eher zu","teils, teils","teils, teils","stimme eher zu","stimme eher zu","teils, teils","teils, teils","teils, teils","stimme überhaupt nicht zu","stimme eher zu","stimme voll und ganz zu","teils, teils","teils, teils","stimme eher zu","stimme eher nicht zu","stimme eher nicht zu","stimme überhaupt nicht zu","stimme eher zu","stimme eher nicht zu","stimme eher nicht zu","teils, teils","Trifft manchmal zu","Trifft gar nicht zu","Trifft manchmal zu","Trifft gar nicht zu","Trifft gar nicht zu","Trifft gar nicht zu","Trifft manchmal zu","Trifft manchmal zu","Trifft gar nicht zu","Trifft gar nicht zu","Trifft gar nicht zu","Trifft gar nicht zu","Trifft gar nicht zu","Trifft gar nicht zu"
"127","1980-01-01 00:00:00","3","de","1357840466","Weiblich","30","Nein","Ja","Nein","teils, teils","stimme eher zu","stimme eher zu","teils, teils","stimme eher zu","stimme voll und ganz zu","stimme überhaupt nicht zu","teils, teils","stimme voll und ganz zu","stimme überhaupt nicht zu","stimme eher zu","teils, teils","teils, teils","stimme eher zu","teils, teils","stimme voll und ganz zu","stimme voll und ganz zu","stimme eher zu","stimme eher nicht zu","stimme eher nicht zu","stimme eher nicht zu","stimme eher zu","teils, teils","teils, teils","Trifft fast immer zu","Trifft manchmal zu","Trifft oft zu","Trifft oft zu","Trifft oft zu","Trifft oft zu","Trifft oft zu","Trifft fast immer zu","Trifft oft zu","Trifft oft zu","Trifft oft zu","Trifft manchmal zu","Trifft fast immer zu","Trifft manchmal zu"
"128","1980-01-01 00:00:00","3","de","1923755479","Weiblich","25","Nein","Ja","Ja","stimme eher nicht zu","stimme voll und ganz zu","teils, teils","teils, teils","stimme eher zu","stimme eher zu","teils, teils","stimme eher nicht zu","stimme eher zu","stimme eher zu","stimme eher zu","stimme eher nicht zu","stimme eher zu","stimme eher nicht zu","stimme eher zu","teils, teils","stimme voll und ganz zu","stimme überhaupt nicht zu","stimme überhaupt nicht zu","stimme voll und ganz zu","stimme eher nicht zu","teils, teils","teils, teils","teils, teils","Trifft gar nicht zu","Trifft gar nicht zu","Trifft oft zu","Trifft manchmal zu","Trifft gar nicht zu","Trifft gar nicht zu","Trifft oft zu","Trifft oft zu","Trifft manchmal zu","Trifft gar nicht zu","Trifft manchmal zu","Trifft gar nicht zu","Trifft manchmal zu","Trifft gar nicht zu"
"129","1980-01-01 00:00:00","3","de","493785146","Weiblich","18","Nein","Nein","Ja","stimme überhaupt nicht zu","teils, teils","stimme überhaupt nicht zu","stimme voll und ganz zu","stimme voll und ganz zu","stimme eher zu","stimme eher zu","stimme eher zu","stimme überhaupt nicht zu","teils, teils","stimme eher nicht zu","stimme überhaupt nicht zu","stimme eher zu","teils, teils","stimme voll und ganz zu","stimme voll und ganz zu","stimme voll und ganz zu","stimme eher nicht zu","stimme überhaupt nicht zu","teils, teils","stimme voll und ganz zu","teils, teils","stimme eher nicht zu","stimme voll und ganz zu","Trifft fast immer zu","Trifft manchmal zu","Trifft gar nicht zu","Trifft manchmal zu","Trifft manchmal zu","Trifft gar nicht zu","Trifft oft zu","Trifft fast immer zu","Trifft manchmal zu","Trifft manchmal zu","Trifft manchmal zu","Trifft gar nicht zu","Trifft fast immer zu","Trifft manchmal zu"
"130","1980-01-01 00:00:00","3","de","1369792950","Weiblich","30","Nein","Nein","Ja","teils, teils","stimme überhaupt nicht zu","stimme eher nicht zu","stimme eher zu","teils, teils","stimme eher zu","stimme eher zu","stimme voll und ganz zu","teils, teils","stimme eher zu","stimme eher nicht zu","stimme voll und ganz zu","stimme voll und ganz zu","stimme voll und ganz zu","teils, teils","stimme eher zu","stimme eher zu","stimme überhaupt nicht zu","stimme eher nicht zu","stimme überhaupt nicht zu","stimme eher zu","stimme eher nicht zu","stimme eher nicht zu","stimme eher zu","Trifft manchmal zu","Trifft gar nicht zu","Trifft oft zu","Trifft gar nicht zu","Trifft manchmal zu","Trifft gar nicht zu","Trifft gar nicht zu","Trifft manchmal zu","Trifft manchmal zu","Trifft gar nicht zu","Trifft gar nicht zu","Trifft gar nicht zu","Trifft gar nicht zu","Trifft gar nicht zu"
"131","1980-01-01 00:00:00","3","de","1267130135","Weiblich","29","Nein","Nein","Ja","stimme eher nicht zu","stimme eher nicht zu","stimme eher zu","stimme eher zu","teils, teils","stimme eher zu","stimme eher nicht zu","stimme voll und ganz zu","stimme eher zu","stimme überhaupt nicht zu","stimme eher zu","stimme eher nicht zu","stimme voll und ganz zu","stimme voll und ganz zu","teils, teils","teils, teils","teils, teils","stimme eher nicht zu","stimme überhaupt nicht zu","stimme überhaupt nicht zu","teils, teils","stimme eher nicht zu","stimme eher zu","stimme eher zu","Trifft manchmal zu","Trifft oft zu","Trifft manchmal zu","Trifft manchmal zu","Trifft fast immer zu","Trifft fast immer zu","Trifft manchmal zu","Trifft manchmal zu","Trifft oft zu","Trifft manchmal zu","Trifft fast immer zu","Trifft fast immer zu","Trifft manchmal zu","Trifft gar nicht zu"
"132","1980-01-01 00:00:00","3","de","407732274","Männlich","34","Ja","Ja","Ja","stimme eher nicht zu","stimme eher zu","stimme eher nicht zu","stimme eher zu","teils, teils","teils, teils","stimme eher zu","stimme eher nicht zu","teils, teils","stimme eher zu","stimme eher nicht zu","stimme eher nicht zu","stimme voll und ganz zu","stimme eher zu","teils, teils","teils, teils","stimme voll und ganz zu","stimme eher nicht zu","stimme überhaupt nicht zu","teils, teils","stimme eher zu","teils, teils","teils, teils","stimme eher zu","Trifft manchmal zu","Trifft manchmal zu","Trifft manchmal zu","Trifft oft zu","Trifft oft zu","Trifft manchmal zu","Trifft fast immer zu","Trifft oft zu","Trifft manchmal zu","Trifft oft zu","Trifft manchmal zu","Trifft manchmal zu","Trifft manchmal zu","Trifft manchmal zu"
"133",,"1","de","1763868601","Weiblich","29","Nein","Ja","Nein","stimme eher zu","","","","","","","","","","","","","","","","","","","","","","","","","","","","","","","","","","","","",""
"134",,"1","de","189195613","Divers","55","Nein","Nein","Nein","","","","","","","","","","","","","","","","","","","","","","","","","","","","","","","","","","","","","",""
"135","1980-01-01 00:00:00","3","de","1395371174","Weiblich","20","Ja","Ja","Ja","stimme eher nicht zu","teils, teils","stimme eher nicht zu","stimme voll und ganz zu","stimme eher zu","teils, teils","teils, teils","stimme eher zu","teils, teils","stimme überhaupt nicht zu","teils, teils","stimme überhaupt nicht zu","stimme voll und ganz zu","stimme voll und ganz zu","teils, teils","stimme voll und ganz zu","stimme voll und ganz zu","stimme überhaupt nicht zu","stimme eher nicht zu","stimme überhaupt nicht zu","teils, teils","stimme überhaupt nicht zu","stimme eher nicht zu","stimme eher zu","Trifft manchmal zu","Trifft gar nicht zu","Trifft gar nicht zu","Trifft manchmal zu","Trifft gar nicht zu","Trifft gar nicht zu","Trifft manchmal zu","Trifft manchmal zu","Trifft gar nicht zu","Trifft gar nicht zu","Trifft gar nicht zu","Trifft gar nicht zu","Trifft manchmal zu","Trifft gar nicht zu"
"136","1980-01-01 00:00:00","3","de","1366899541","Männlich","24","Ja","Ja","Nein","stimme eher zu","teils, teils","stimme eher zu","stimme voll und ganz zu","stimme eher zu","teils, teils","stimme eher nicht zu","stimme eher zu","stimme eher zu","stimme überhaupt nicht zu","teils, teils","stimme eher zu","teils, teils","stimme voll und ganz zu","teils, teils","stimme voll und ganz zu","stimme voll und ganz zu","stimme eher nicht zu","stimme eher zu","stimme eher nicht zu","teils, teils","stimme überhaupt nicht zu","stimme voll und ganz zu","stimme eher zu","Trifft manchmal zu","Trifft manchmal zu","Trifft manchmal zu","Trifft manchmal zu","Trifft gar nicht zu","Trifft manchmal zu","Trifft manchmal zu","Trifft manchmal zu","Trifft manchmal zu","Trifft manchmal zu","Trifft oft zu","Trifft manchmal zu","Trifft manchmal zu","Trifft manchmal zu"
"137","1980-01-01 00:00:00","3","de","1065160161","Weiblich","19","Nein","Nein","Ja","stimme eher nicht zu","teils, teils","stimme überhaupt nicht zu","stimme voll und ganz zu","stimme eher zu","stimme voll und ganz zu","stimme voll und ganz zu","stimme voll und ganz zu","stimme eher nicht zu","stimme eher nicht zu","stimme eher nicht zu","stimme überhaupt nicht zu","stimme voll und ganz zu","stimme voll und ganz zu","stimme voll und ganz zu","stimme voll und ganz zu","stimme voll und ganz zu","stimme eher nicht zu","stimme überhaupt nicht zu","stimme überhaupt nicht zu","stimme voll und ganz zu","stimme überhaupt nicht zu","stimme überhaupt nicht zu","stimme eher zu","Trifft gar nicht zu","Trifft gar nicht zu","Trifft manchmal zu","Trifft gar nicht zu","Trifft manchmal zu","Trifft gar nicht zu","Trifft gar nicht zu","Trifft manchmal zu","Trifft gar nicht zu","Trifft manchmal zu","Trifft gar nicht zu","Trifft gar nicht zu","Trifft manchmal zu","Trifft gar nicht zu"
"138","1980-01-01 00:00:00","3","de","504293297","Weiblich","20","Ja","Nein","Ja","stimme überhaupt nicht zu","stimme überhaupt nicht zu","stimme überhaupt nicht zu","stimme eher zu","stimme eher zu","stimme eher zu","stimme eher zu","stimme eher zu","stimme überhaupt nicht zu","stimme eher nicht zu","stimme überhaupt nicht zu","stimme überhaupt nicht zu","stimme voll und ganz zu","stimme eher zu","stimme eher zu","stimme eher zu","stimme voll und ganz zu","stimme eher nicht zu","stimme eher nicht zu","teils, teils","stimme eher zu","stimme eher nicht zu","stimme eher nicht zu","stimme eher zu","Trifft gar nicht zu","Trifft gar nicht zu","Trifft gar nicht zu","Trifft gar nicht zu","Trifft gar nicht zu","Trifft gar nicht zu","Trifft gar nicht zu","Trifft gar nicht zu","Trifft gar nicht zu","Trifft gar nicht zu","Trifft gar nicht zu","Trifft gar nicht zu","Trifft gar nicht zu","Trifft gar nicht zu"
"139","1980-01-01 00:00:00","3","de","724134443","Weiblich","24","Nein","Ja","Ja","teils, teils","stimme voll und ganz zu","stimme eher zu","stimme eher nicht zu","stimme überhaupt nicht zu","stimme eher zu","stimme eher nicht zu","stimme eher zu","stimme eher nicht zu","stimme überhaupt nicht zu","stimme eher zu","stimme eher nicht zu","teils, teils","stimme eher zu","stimme überhaupt nicht zu","stimme eher zu","stimme eher nicht zu","stimme eher nicht zu","stimme eher zu","stimme voll und ganz zu","stimme voll und ganz zu","stimme überhaupt nicht zu","stimme eher nicht zu","stimme überhaupt nicht zu","Trifft fast immer zu","Trifft fast immer zu","Trifft fast immer zu","Trifft oft zu","Trifft fast immer zu","Trifft fast immer zu","Trifft manchmal zu","Trifft fast immer zu","Trifft fast immer zu","Trifft manchmal zu","Trifft fast immer zu","Trifft fast immer zu","Trifft fast immer zu","Trifft fast immer zu"
"140","1980-01-01 00:00:00","3","de","1645241186","Männlich","29","Nein","Nein","Nein","stimme überhaupt nicht zu","stimme überhaupt nicht zu","teils, teils","stimme voll und ganz zu","teils, teils","stimme eher zu","stimme voll und ganz zu","stimme voll und ganz zu","teils, teils","stimme eher nicht zu","teils, teils","stimme eher zu","stimme voll und ganz zu","stimme voll und ganz zu","teils, teils","stimme voll und ganz zu","teils, teils","stimme überhaupt nicht zu","stimme überhaupt nicht zu","teils, teils","stimme eher zu","stimme überhaupt nicht zu","teils, teils","stimme eher zu","Trifft fast immer zu","Trifft gar nicht zu","Trifft gar nicht zu","Trifft fast immer zu","Trifft manchmal zu","Trifft gar nicht zu","Trifft fast immer zu","Trifft fast immer zu","Trifft manchmal zu","Trifft manchmal zu","Trifft gar nicht zu","Trifft oft zu","Trifft fast immer zu","Trifft gar nicht zu"
"141","1980-01-01 00:00:00","3","de","1242395891","Weiblich","25","Ja","Ja","Nein","teils, teils","stimme überhaupt nicht zu","stimme eher zu","stimme eher zu","teils, teils","teils, teils","teils, teils","stimme voll und ganz zu","teils, teils","stimme überhaupt nicht zu","teils, teils","stimme eher zu","stimme eher zu","stimme voll und ganz zu","teils, teils","stimme eher zu","teils, teils","stimme überhaupt nicht zu","stimme eher nicht zu","stimme eher nicht zu","stimme eher zu","stimme eher nicht zu","stimme eher zu","stimme eher zu","Trifft oft zu","Trifft manchmal zu","Trifft manchmal zu","Trifft manchmal zu","Trifft manchmal zu","Trifft gar nicht zu","Trifft manchmal zu","Trifft manchmal zu","Trifft manchmal zu","Trifft gar nicht zu","Trifft gar nicht zu","Trifft oft zu","Trifft oft zu","Trifft gar nicht zu"
"142","1980-01-01 00:00:00","3","de","165140541","Weiblich","23","Nein","Nein","Nein","stimme eher nicht zu","stimme eher nicht zu","stimme eher zu","teils, teils","teils, teils","teils, teils","teils, teils","teils, teils","stimme eher nicht zu","teils, teils","stimme eher nicht zu","teils, teils","stimme überhaupt nicht zu","stimme eher nicht zu","teils, teils","teils, teils","stimme eher nicht zu","stimme eher nicht zu","stimme eher nicht zu","teils, teils","teils, teils","stimme eher zu","stimme eher nicht zu","teils, teils","Trifft manchmal zu","Trifft manchmal zu","Trifft manchmal zu","Trifft oft zu","Trifft oft zu","Trifft manchmal zu","Trifft fast immer zu","Trifft oft zu","Trifft manchmal zu","Trifft oft zu","Trifft manchmal zu","Trifft manchmal zu","Trifft oft zu","Trifft manchmal zu"
